<?xml version="1.0" encoding="UTF-8"?>
<gpx xmlns="http://www.topografix.com/GPX/1/1" xmlns:gpxdata="http://www.cluetrust.com/XML/GPXDATA/1/0" xmlns:xsi="http://www.w3.org/2001/XMLSchema-instance" xsi:schemaLocation="http://www.topografix.com/GPX/1/1 https://www.topografix.com/GPX/1/1/gpx.xsd http://www.cluetrust.com/XML/GPXDATA/1/0 https://www.cluetrust.com/Schemas/gpxdata10.xsd" creator="COROS Wearables" version="1.1">
 <metadata>
  <link href="https://www.coros.com">
   <text>COROS</text>
  </link>
  <time>2026-07-17T11:11:07Z</time>
  <coros_edit>1</coros_edit>
 </metadata>
 <trk>
  <name>SHEKHAWATI 100K</name>
  <type>running</type>
  <trkseg>
   <trkpt lat="27.7082510" lon="75.4745510">
    <ele>448</ele>
   </trkpt>
   <trkpt lat="27.7078950" lon="75.4743930">
    <ele>449</ele>
   </trkpt>
   <trkpt lat="27.7066520" lon="75.4738190">
    <ele>448</ele>
   </trkpt>
   <trkpt lat="27.7048130" lon="75.4728850">
    <ele>449</ele>
   </trkpt>
   <trkpt lat="27.7045550" lon="75.4727360">
    <ele>450</ele>
   </trkpt>
   <trkpt lat="27.7044350" lon="75.4726190">
    <ele>450</ele>
   </trkpt>
   <trkpt lat="27.7039840" lon="75.4716040">
    <ele>451</ele>
   </trkpt>
   <trkpt lat="27.7038460" lon="75.4714730">
    <ele>452</ele>
   </trkpt>
   <trkpt lat="27.7035870" lon="75.4714700">
    <ele>455</ele>
   </trkpt>
   <trkpt lat="27.7028040" lon="75.4714340">
    <ele>455</ele>
   </trkpt>
   <trkpt lat="27.7025240" lon="75.4714650">
    <ele>455</ele>
   </trkpt>
   <trkpt lat="27.7023900" lon="75.4715280">
    <ele>455</ele>
   </trkpt>
   <trkpt lat="27.7020180" lon="75.4718040">
    <ele>458</ele>
   </trkpt>
   <trkpt lat="27.7019030" lon="75.4718670">
    <ele>461</ele>
   </trkpt>
   <trkpt lat="27.7016280" lon="75.4719170">
    <ele>462</ele>
   </trkpt>
   <trkpt lat="27.7013370" lon="75.4719090">
    <ele>464</ele>
   </trkpt>
   <trkpt lat="27.7011910" lon="75.4718490">
    <ele>463</ele>
   </trkpt>
   <trkpt lat="27.7008980" lon="75.4716190">
    <ele>462</ele>
   </trkpt>
   <trkpt lat="27.7007610" lon="75.4715570">
    <ele>462</ele>
   </trkpt>
   <trkpt lat="27.7006200" lon="75.4715329">
    <ele>461</ele>
   </trkpt>
   <trkpt lat="27.7002440" lon="75.4716140">
    <ele>456</ele>
   </trkpt>
   <trkpt lat="27.7000380" lon="75.4716640">
    <ele>455</ele>
   </trkpt>
   <trkpt lat="27.6998790" lon="75.4716370">
    <ele>454</ele>
   </trkpt>
   <trkpt lat="27.6996870" lon="75.4715300">
    <ele>456</ele>
   </trkpt>
   <trkpt lat="27.6995160" lon="75.4713450">
    <ele>457</ele>
   </trkpt>
   <trkpt lat="27.6991460" lon="75.4707500">
    <ele>461</ele>
   </trkpt>
   <trkpt lat="27.6988780" lon="75.4703200">
    <ele>460</ele>
   </trkpt>
   <trkpt lat="27.6986680" lon="75.4700930">
    <ele>460</ele>
   </trkpt>
   <trkpt lat="27.6980840" lon="75.4696330">
    <ele>460</ele>
   </trkpt>
   <trkpt lat="27.6977690" lon="75.4694300">
    <ele>460</ele>
   </trkpt>
   <trkpt lat="27.6972960" lon="75.4692600">
    <ele>456</ele>
   </trkpt>
   <trkpt lat="27.6966140" lon="75.4689990">
    <ele>459</ele>
   </trkpt>
   <trkpt lat="27.6958240" lon="75.4684750">
    <ele>470</ele>
   </trkpt>
   <trkpt lat="27.6949090" lon="75.4678230">
    <ele>473</ele>
   </trkpt>
   <trkpt lat="27.6938760" lon="75.4671650">
    <ele>474</ele>
   </trkpt>
   <trkpt lat="27.6928230" lon="75.4665600">
    <ele>470</ele>
   </trkpt>
   <trkpt lat="27.6924620" lon="75.4663740">
    <ele>469</ele>
   </trkpt>
   <trkpt lat="27.6918960" lon="75.4658470">
    <ele>472</ele>
   </trkpt>
   <trkpt lat="27.6917000" lon="75.4655600">
    <ele>470</ele>
   </trkpt>
   <trkpt lat="27.6914180" lon="75.4650570">
    <ele>466</ele>
   </trkpt>
   <trkpt lat="27.6909170" lon="75.4635070">
    <ele>468</ele>
   </trkpt>
   <trkpt lat="27.6906760" lon="75.4628360">
    <ele>466</ele>
   </trkpt>
   <trkpt lat="27.6901820" lon="75.4618990">
    <ele>473</ele>
   </trkpt>
   <trkpt lat="27.6899790" lon="75.4616360">
    <ele>473</ele>
   </trkpt>
   <trkpt lat="27.6896970" lon="75.4613229">
    <ele>471</ele>
   </trkpt>
   <trkpt lat="27.6882780" lon="75.4604250">
    <ele>477</ele>
   </trkpt>
   <trkpt lat="27.6880590" lon="75.4602950">
    <ele>475</ele>
   </trkpt>
   <trkpt lat="27.6877170" lon="75.4599140">
    <ele>476</ele>
   </trkpt>
   <trkpt lat="27.6857500" lon="75.4582439">
    <ele>474</ele>
   </trkpt>
   <trkpt lat="27.6845460" lon="75.4572600">
    <ele>474</ele>
   </trkpt>
   <trkpt lat="27.6841810" lon="75.4569620">
    <ele>476</ele>
   </trkpt>
   <trkpt lat="27.6839770" lon="75.4567650">
    <ele>477</ele>
   </trkpt>
   <trkpt lat="27.6838070" lon="75.4566020">
    <ele>476</ele>
   </trkpt>
   <trkpt lat="27.6835270" lon="75.4562080">
    <ele>476</ele>
   </trkpt>
   <trkpt lat="27.6834120" lon="75.4559600">
    <ele>479</ele>
   </trkpt>
   <trkpt lat="27.6833820" lon="75.4557310">
    <ele>481</ele>
   </trkpt>
   <trkpt lat="27.6834510" lon="75.4546010">
    <ele>487</ele>
   </trkpt>
   <trkpt lat="27.6834030" lon="75.4543170">
    <ele>488</ele>
   </trkpt>
   <trkpt lat="27.6832990" lon="75.4541210">
    <ele>488</ele>
   </trkpt>
   <trkpt lat="27.6822590" lon="75.4530800">
    <ele>480</ele>
   </trkpt>
   <trkpt lat="27.6817890" lon="75.4525110">
    <ele>482</ele>
   </trkpt>
   <trkpt lat="27.6809780" lon="75.4513510">
    <ele>481</ele>
   </trkpt>
   <trkpt lat="27.6809140" lon="75.4511969">
    <ele>479</ele>
   </trkpt>
   <trkpt lat="27.6809160" lon="75.4510380">
    <ele>480</ele>
   </trkpt>
   <trkpt lat="27.6812790" lon="75.4500830">
    <ele>483</ele>
   </trkpt>
   <trkpt lat="27.6813390" lon="75.4498220">
    <ele>485</ele>
   </trkpt>
   <trkpt lat="27.6813130" lon="75.4496360">
    <ele>491</ele>
   </trkpt>
   <trkpt lat="27.6810450" lon="75.4492450">
    <ele>489</ele>
   </trkpt>
   <trkpt lat="27.6804260" lon="75.4485350">
    <ele>489</ele>
   </trkpt>
   <trkpt lat="27.6801370" lon="75.4480940">
    <ele>485</ele>
   </trkpt>
   <trkpt lat="27.6797170" lon="75.4472640">
    <ele>480</ele>
   </trkpt>
   <trkpt lat="27.6794000" lon="75.4467350">
    <ele>478</ele>
   </trkpt>
   <trkpt lat="27.6790490" lon="75.4463150">
    <ele>481</ele>
   </trkpt>
   <trkpt lat="27.6789170" lon="75.4461190">
    <ele>483</ele>
   </trkpt>
   <trkpt lat="27.6786510" lon="75.4454010">
    <ele>482</ele>
   </trkpt>
   <trkpt lat="27.6785220" lon="75.4450880">
    <ele>481</ele>
   </trkpt>
   <trkpt lat="27.6780340" lon="75.4441960">
    <ele>484</ele>
   </trkpt>
   <trkpt lat="27.6763660" lon="75.4412290">
    <ele>490</ele>
   </trkpt>
   <trkpt lat="27.6761350" lon="75.4408720">
    <ele>493</ele>
   </trkpt>
   <trkpt lat="27.6759320" lon="75.4406939">
    <ele>494</ele>
   </trkpt>
   <trkpt lat="27.6750880" lon="75.4401150">
    <ele>496</ele>
   </trkpt>
   <trkpt lat="27.6748200" lon="75.4399580">
    <ele>497</ele>
   </trkpt>
   <trkpt lat="27.6731890" lon="75.4393450">
    <ele>496</ele>
   </trkpt>
   <trkpt lat="27.6718670" lon="75.4385960">
    <ele>495</ele>
   </trkpt>
   <trkpt lat="27.6712180" lon="75.4382150">
    <ele>498</ele>
   </trkpt>
   <trkpt lat="27.6710910" lon="75.4381120">
    <ele>497</ele>
   </trkpt>
   <trkpt lat="27.6705800" lon="75.4374440">
    <ele>495</ele>
   </trkpt>
   <trkpt lat="27.6696960" lon="75.4362210">
    <ele>499</ele>
   </trkpt>
   <trkpt lat="27.6695840" lon="75.4361100">
    <ele>500</ele>
   </trkpt>
   <trkpt lat="27.6683310" lon="75.4353530">
    <ele>503</ele>
   </trkpt>
   <trkpt lat="27.6666090" lon="75.4343150">
    <ele>504</ele>
   </trkpt>
   <trkpt lat="27.6653270" lon="75.4335110">
    <ele>505</ele>
   </trkpt>
   <trkpt lat="27.6651600" lon="75.4333730">
    <ele>503</ele>
   </trkpt>
   <trkpt lat="27.6646960" lon="75.4327050">
    <ele>501</ele>
   </trkpt>
   <trkpt lat="27.6637780" lon="75.4314080">
    <ele>509</ele>
   </trkpt>
   <trkpt lat="27.6634960" lon="75.4309750">
    <ele>510</ele>
   </trkpt>
   <trkpt lat="27.6628800" lon="75.4300279">
    <ele>507</ele>
   </trkpt>
   <trkpt lat="27.6616330" lon="75.4276340">
    <ele>505</ele>
   </trkpt>
   <trkpt lat="27.6614760" lon="75.4274170">
    <ele>505</ele>
   </trkpt>
   <trkpt lat="27.6613420" lon="75.4272820">
    <ele>505</ele>
   </trkpt>
   <trkpt lat="27.6611960" lon="75.4271620">
    <ele>505</ele>
   </trkpt>
   <trkpt lat="27.6603080" lon="75.4266449">
    <ele>509</ele>
   </trkpt>
   <trkpt lat="27.6598530" lon="75.4263810">
    <ele>509</ele>
   </trkpt>
   <trkpt lat="27.6583350" lon="75.4256720">
    <ele>510</ele>
   </trkpt>
   <trkpt lat="27.6571320" lon="75.4251040">
    <ele>512</ele>
   </trkpt>
   <trkpt lat="27.6569640" lon="75.4250110">
    <ele>512</ele>
   </trkpt>
   <trkpt lat="27.6568610" lon="75.4249530">
    <ele>511</ele>
   </trkpt>
   <trkpt lat="27.6568110" lon="75.4249150">
    <ele>511</ele>
   </trkpt>
   <trkpt lat="27.6567280" lon="75.4248500">
    <ele>511</ele>
   </trkpt>
   <trkpt lat="27.6565880" lon="75.4247060">
    <ele>512</ele>
   </trkpt>
   <trkpt lat="27.6565250" lon="75.4246270">
    <ele>512</ele>
   </trkpt>
   <trkpt lat="27.6563690" lon="75.4244310">
    <ele>512</ele>
   </trkpt>
   <trkpt lat="27.6556940" lon="75.4235820">
    <ele>517</ele>
   </trkpt>
   <trkpt lat="27.6550330" lon="75.4227440">
    <ele>524</ele>
   </trkpt>
   <trkpt lat="27.6545320" lon="75.4221440">
    <ele>524</ele>
   </trkpt>
   <trkpt lat="27.6539200" lon="75.4214100">
    <ele>519</ele>
   </trkpt>
   <trkpt lat="27.6533130" lon="75.4206510">
    <ele>519</ele>
   </trkpt>
   <trkpt lat="27.6529440" lon="75.4201830">
    <ele>521</ele>
   </trkpt>
   <trkpt lat="27.6528460" lon="75.4200730">
    <ele>520</ele>
   </trkpt>
   <trkpt lat="27.6527690" lon="75.4200070">
    <ele>521</ele>
   </trkpt>
   <trkpt lat="27.6526820" lon="75.4199570">
    <ele>521</ele>
   </trkpt>
   <trkpt lat="27.6526020" lon="75.4199299">
    <ele>520</ele>
   </trkpt>
   <trkpt lat="27.6523380" lon="75.4198870">
    <ele>521</ele>
   </trkpt>
   <trkpt lat="27.6518240" lon="75.4198030">
    <ele>524</ele>
   </trkpt>
   <trkpt lat="27.6514490" lon="75.4196850">
    <ele>521</ele>
   </trkpt>
   <trkpt lat="27.6510700" lon="75.4194710">
    <ele>518</ele>
   </trkpt>
   <trkpt lat="27.6510140" lon="75.4194160">
    <ele>519</ele>
   </trkpt>
   <trkpt lat="27.6509850" lon="75.4193480">
    <ele>519</ele>
   </trkpt>
   <trkpt lat="27.6509680" lon="75.4192750">
    <ele>519</ele>
   </trkpt>
   <trkpt lat="27.6509520" lon="75.4191580">
    <ele>520</ele>
   </trkpt>
   <trkpt lat="27.6509520" lon="75.4191580">
    <ele>520</ele>
   </trkpt>
   <trkpt lat="27.6508386" lon="75.4191743">
    <ele>521</ele>
   </trkpt>
   <trkpt lat="27.6508386" lon="75.4191743">
    <ele>521</ele>
   </trkpt>
   <trkpt lat="27.6507569" lon="75.4192226">
    <ele>522</ele>
   </trkpt>
   <trkpt lat="27.6507569" lon="75.4192226">
    <ele>522</ele>
   </trkpt>
   <trkpt lat="27.6506559" lon="75.4192138">
    <ele>523</ele>
   </trkpt>
   <trkpt lat="27.6506559" lon="75.4192138">
    <ele>523</ele>
   </trkpt>
   <trkpt lat="27.6505602" lon="75.4192091">
    <ele>524</ele>
   </trkpt>
   <trkpt lat="27.6505602" lon="75.4192091">
    <ele>524</ele>
   </trkpt>
   <trkpt lat="27.6504875" lon="75.4191977">
    <ele>525</ele>
   </trkpt>
   <trkpt lat="27.6504875" lon="75.4191977">
    <ele>525</ele>
   </trkpt>
   <trkpt lat="27.6503372" lon="75.4191680">
    <ele>528</ele>
   </trkpt>
   <trkpt lat="27.6503372" lon="75.4191680">
    <ele>528</ele>
   </trkpt>
   <trkpt lat="27.6502977" lon="75.4191555">
    <ele>529</ele>
   </trkpt>
   <trkpt lat="27.6502977" lon="75.4191555">
    <ele>529</ele>
   </trkpt>
   <trkpt lat="27.6503596" lon="75.4191183">
    <ele>528</ele>
   </trkpt>
   <trkpt lat="27.6503596" lon="75.4191183">
    <ele>528</ele>
   </trkpt>
   <trkpt lat="27.6503703" lon="75.4190615">
    <ele>528</ele>
   </trkpt>
   <trkpt lat="27.6503703" lon="75.4190615">
    <ele>528</ele>
   </trkpt>
   <trkpt lat="27.6503177" lon="75.4190388">
    <ele>528</ele>
   </trkpt>
   <trkpt lat="27.6503177" lon="75.4190388">
    <ele>528</ele>
   </trkpt>
   <trkpt lat="27.6502511" lon="75.4190455">
    <ele>530</ele>
   </trkpt>
   <trkpt lat="27.6502511" lon="75.4190455">
    <ele>530</ele>
   </trkpt>
   <trkpt lat="27.6501952" lon="75.4190156">
    <ele>531</ele>
   </trkpt>
   <trkpt lat="27.6501952" lon="75.4190156">
    <ele>531</ele>
   </trkpt>
   <trkpt lat="27.6501611" lon="75.4189224">
    <ele>532</ele>
   </trkpt>
   <trkpt lat="27.6501611" lon="75.4189224">
    <ele>532</ele>
   </trkpt>
   <trkpt lat="27.6500678" lon="75.4189310">
    <ele>535</ele>
   </trkpt>
   <trkpt lat="27.6500678" lon="75.4189310">
    <ele>535</ele>
   </trkpt>
   <trkpt lat="27.6499593" lon="75.4189254">
    <ele>536</ele>
   </trkpt>
   <trkpt lat="27.6499593" lon="75.4189254">
    <ele>536</ele>
   </trkpt>
   <trkpt lat="27.6498997" lon="75.4189540">
    <ele>536</ele>
   </trkpt>
   <trkpt lat="27.6498997" lon="75.4189540">
    <ele>536</ele>
   </trkpt>
   <trkpt lat="27.6498248" lon="75.4188859">
    <ele>538</ele>
   </trkpt>
   <trkpt lat="27.6498248" lon="75.4188859">
    <ele>538</ele>
   </trkpt>
   <trkpt lat="27.6498083" lon="75.4188091">
    <ele>539</ele>
   </trkpt>
   <trkpt lat="27.6498083" lon="75.4188091">
    <ele>539</ele>
   </trkpt>
   <trkpt lat="27.6497338" lon="75.4186980">
    <ele>540</ele>
   </trkpt>
   <trkpt lat="27.6497338" lon="75.4186980">
    <ele>540</ele>
   </trkpt>
   <trkpt lat="27.6496844" lon="75.4186186">
    <ele>541</ele>
   </trkpt>
   <trkpt lat="27.6496844" lon="75.4186186">
    <ele>541</ele>
   </trkpt>
   <trkpt lat="27.6495601" lon="75.4186082">
    <ele>541</ele>
   </trkpt>
   <trkpt lat="27.6495601" lon="75.4186082">
    <ele>541</ele>
   </trkpt>
   <trkpt lat="27.6494582" lon="75.4184998">
    <ele>542</ele>
   </trkpt>
   <trkpt lat="27.6494582" lon="75.4184998">
    <ele>542</ele>
   </trkpt>
   <trkpt lat="27.6494063" lon="75.4184134">
    <ele>542</ele>
   </trkpt>
   <trkpt lat="27.6494063" lon="75.4184134">
    <ele>542</ele>
   </trkpt>
   <trkpt lat="27.6493906" lon="75.4183221">
    <ele>543</ele>
   </trkpt>
   <trkpt lat="27.6493906" lon="75.4183221">
    <ele>543</ele>
   </trkpt>
   <trkpt lat="27.6494635" lon="75.4182441">
    <ele>542</ele>
   </trkpt>
   <trkpt lat="27.6494635" lon="75.4182441">
    <ele>542</ele>
   </trkpt>
   <trkpt lat="27.6494347" lon="75.4180992">
    <ele>539</ele>
   </trkpt>
   <trkpt lat="27.6494347" lon="75.4180992">
    <ele>539</ele>
   </trkpt>
   <trkpt lat="27.6493184" lon="75.4180091">
    <ele>539</ele>
   </trkpt>
   <trkpt lat="27.6493184" lon="75.4180091">
    <ele>539</ele>
   </trkpt>
   <trkpt lat="27.6492019" lon="75.4179347">
    <ele>538</ele>
   </trkpt>
   <trkpt lat="27.6492019" lon="75.4179347">
    <ele>538</ele>
   </trkpt>
   <trkpt lat="27.6489816" lon="75.4177447">
    <ele>536</ele>
   </trkpt>
   <trkpt lat="27.6489816" lon="75.4177447">
    <ele>536</ele>
   </trkpt>
   <trkpt lat="27.6486980" lon="75.4173586">
    <ele>533</ele>
   </trkpt>
   <trkpt lat="27.6486980" lon="75.4173586">
    <ele>533</ele>
   </trkpt>
   <trkpt lat="27.6485927" lon="75.4172032">
    <ele>533</ele>
   </trkpt>
   <trkpt lat="27.6485927" lon="75.4172032">
    <ele>533</ele>
   </trkpt>
   <trkpt lat="27.6485344" lon="75.4170322">
    <ele>533</ele>
   </trkpt>
   <trkpt lat="27.6485344" lon="75.4170322">
    <ele>533</ele>
   </trkpt>
   <trkpt lat="27.6485557" lon="75.4168676">
    <ele>533</ele>
   </trkpt>
   <trkpt lat="27.6485557" lon="75.4168676">
    <ele>533</ele>
   </trkpt>
   <trkpt lat="27.6486283" lon="75.4167151">
    <ele>532</ele>
   </trkpt>
   <trkpt lat="27.6486283" lon="75.4167151">
    <ele>532</ele>
   </trkpt>
   <trkpt lat="27.6487299" lon="75.4166439">
    <ele>529</ele>
   </trkpt>
   <trkpt lat="27.6487299" lon="75.4166439">
    <ele>529</ele>
   </trkpt>
   <trkpt lat="27.6489125" lon="75.4165502">
    <ele>526</ele>
   </trkpt>
   <trkpt lat="27.6489125" lon="75.4165502">
    <ele>526</ele>
   </trkpt>
   <trkpt lat="27.6490183" lon="75.4164575">
    <ele>523</ele>
   </trkpt>
   <trkpt lat="27.6490450" lon="75.4164310">
    <ele>523</ele>
   </trkpt>
   <trkpt lat="27.6489490" lon="75.4163070">
    <ele>522</ele>
   </trkpt>
   <trkpt lat="27.6487210" lon="75.4160140">
    <ele>522</ele>
   </trkpt>
   <trkpt lat="27.6486280" lon="75.4159060">
    <ele>521</ele>
   </trkpt>
   <trkpt lat="27.6485270" lon="75.4158290">
    <ele>523</ele>
   </trkpt>
   <trkpt lat="27.6478050" lon="75.4154310">
    <ele>523</ele>
   </trkpt>
   <trkpt lat="27.6474760" lon="75.4152840">
    <ele>526</ele>
   </trkpt>
   <trkpt lat="27.6473960" lon="75.4152270">
    <ele>526</ele>
   </trkpt>
   <trkpt lat="27.6472080" lon="75.4150250">
    <ele>527</ele>
   </trkpt>
   <trkpt lat="27.6471670" lon="75.4149489">
    <ele>528</ele>
   </trkpt>
   <trkpt lat="27.6471430" lon="75.4148570">
    <ele>528</ele>
   </trkpt>
   <trkpt lat="27.6471300" lon="75.4147360">
    <ele>528</ele>
   </trkpt>
   <trkpt lat="27.6470880" lon="75.4142959">
    <ele>528</ele>
   </trkpt>
   <trkpt lat="27.6470620" lon="75.4141590">
    <ele>528</ele>
   </trkpt>
   <trkpt lat="27.6470280" lon="75.4140130">
    <ele>530</ele>
   </trkpt>
   <trkpt lat="27.6468850" lon="75.4134790">
    <ele>532</ele>
   </trkpt>
   <trkpt lat="27.6467750" lon="75.4130640">
    <ele>531</ele>
   </trkpt>
   <trkpt lat="27.6467540" lon="75.4129310">
    <ele>531</ele>
   </trkpt>
   <trkpt lat="27.6467240" lon="75.4124810">
    <ele>532</ele>
   </trkpt>
   <trkpt lat="27.6466960" lon="75.4123770">
    <ele>532</ele>
   </trkpt>
   <trkpt lat="27.6466580" lon="75.4122900">
    <ele>532</ele>
   </trkpt>
   <trkpt lat="27.6466070" lon="75.4122110">
    <ele>532</ele>
   </trkpt>
   <trkpt lat="27.6464320" lon="75.4120020">
    <ele>531</ele>
   </trkpt>
   <trkpt lat="27.6463250" lon="75.4118950">
    <ele>531</ele>
   </trkpt>
   <trkpt lat="27.6462230" lon="75.4117940">
    <ele>530</ele>
   </trkpt>
   <trkpt lat="27.6456520" lon="75.4113140">
    <ele>536</ele>
   </trkpt>
   <trkpt lat="27.6455660" lon="75.4112540">
    <ele>536</ele>
   </trkpt>
   <trkpt lat="27.6454720" lon="75.4111999">
    <ele>536</ele>
   </trkpt>
   <trkpt lat="27.6441900" lon="75.4107350">
    <ele>537</ele>
   </trkpt>
   <trkpt lat="27.6440710" lon="75.4106860">
    <ele>537</ele>
   </trkpt>
   <trkpt lat="27.6439530" lon="75.4106140">
    <ele>539</ele>
   </trkpt>
   <trkpt lat="27.6438370" lon="75.4105180">
    <ele>540</ele>
   </trkpt>
   <trkpt lat="27.6435660" lon="75.4102210">
    <ele>543</ele>
   </trkpt>
   <trkpt lat="27.6431950" lon="75.4097610">
    <ele>543</ele>
   </trkpt>
   <trkpt lat="27.6430790" lon="75.4096520">
    <ele>542</ele>
   </trkpt>
   <trkpt lat="27.6429920" lon="75.4095940">
    <ele>543</ele>
   </trkpt>
   <trkpt lat="27.6428980" lon="75.4095460">
    <ele>543</ele>
   </trkpt>
   <trkpt lat="27.6422960" lon="75.4093130">
    <ele>546</ele>
   </trkpt>
   <trkpt lat="27.6420460" lon="75.4091630">
    <ele>547</ele>
   </trkpt>
   <trkpt lat="27.6417740" lon="75.4089480">
    <ele>546</ele>
   </trkpt>
   <trkpt lat="27.6416290" lon="75.4087720">
    <ele>545</ele>
   </trkpt>
   <trkpt lat="27.6415340" lon="75.4086480">
    <ele>544</ele>
   </trkpt>
   <trkpt lat="27.6414270" lon="75.4085690">
    <ele>545</ele>
   </trkpt>
   <trkpt lat="27.6412710" lon="75.4085060">
    <ele>543</ele>
   </trkpt>
   <trkpt lat="27.6411320" lon="75.4085290">
    <ele>542</ele>
   </trkpt>
   <trkpt lat="27.6409700" lon="75.4086360">
    <ele>540</ele>
   </trkpt>
   <trkpt lat="27.6408290" lon="75.4087040">
    <ele>540</ele>
   </trkpt>
   <trkpt lat="27.6406920" lon="75.4087270">
    <ele>540</ele>
   </trkpt>
   <trkpt lat="27.6405310" lon="75.4086810">
    <ele>540</ele>
   </trkpt>
   <trkpt lat="27.6402320" lon="75.4085070">
    <ele>539</ele>
   </trkpt>
   <trkpt lat="27.6399060" lon="75.4084060">
    <ele>539</ele>
   </trkpt>
   <trkpt lat="27.6394900" lon="75.4083680">
    <ele>545</ele>
   </trkpt>
   <trkpt lat="27.6392610" lon="75.4082510">
    <ele>550</ele>
   </trkpt>
   <trkpt lat="27.6388670" lon="75.4081320">
    <ele>552</ele>
   </trkpt>
   <trkpt lat="27.6386320" lon="75.4080490">
    <ele>555</ele>
   </trkpt>
   <trkpt lat="27.6385610" lon="75.4080460">
    <ele>555</ele>
   </trkpt>
   <trkpt lat="27.6379570" lon="75.4080180">
    <ele>556</ele>
   </trkpt>
   <trkpt lat="27.6372640" lon="75.4080360">
    <ele>552</ele>
   </trkpt>
   <trkpt lat="27.6370230" lon="75.4080050">
    <ele>553</ele>
   </trkpt>
   <trkpt lat="27.6366130" lon="75.4078590">
    <ele>553</ele>
   </trkpt>
   <trkpt lat="27.6364340" lon="75.4077949">
    <ele>553</ele>
   </trkpt>
   <trkpt lat="27.6360960" lon="75.4076740">
    <ele>552</ele>
   </trkpt>
   <trkpt lat="27.6360110" lon="75.4076440">
    <ele>553</ele>
   </trkpt>
   <trkpt lat="27.6359450" lon="75.4076210">
    <ele>553</ele>
   </trkpt>
   <trkpt lat="27.6357700" lon="75.4076020">
    <ele>554</ele>
   </trkpt>
   <trkpt lat="27.6355550" lon="75.4076610">
    <ele>554</ele>
   </trkpt>
   <trkpt lat="27.6354480" lon="75.4076610">
    <ele>555</ele>
   </trkpt>
   <trkpt lat="27.6352890" lon="75.4076040">
    <ele>555</ele>
   </trkpt>
   <trkpt lat="27.6347540" lon="75.4072520">
    <ele>557</ele>
   </trkpt>
   <trkpt lat="27.6345150" lon="75.4071050">
    <ele>559</ele>
   </trkpt>
   <trkpt lat="27.6343340" lon="75.4069950">
    <ele>559</ele>
   </trkpt>
   <trkpt lat="27.6339650" lon="75.4066660">
    <ele>558</ele>
   </trkpt>
   <trkpt lat="27.6336310" lon="75.4062189">
    <ele>554</ele>
   </trkpt>
   <trkpt lat="27.6335590" lon="75.4061360">
    <ele>554</ele>
   </trkpt>
   <trkpt lat="27.6334150" lon="75.4060040">
    <ele>553</ele>
   </trkpt>
   <trkpt lat="27.6330010" lon="75.4056240">
    <ele>558</ele>
   </trkpt>
   <trkpt lat="27.6329130" lon="75.4055390">
    <ele>558</ele>
   </trkpt>
   <trkpt lat="27.6328350" lon="75.4054920">
    <ele>560</ele>
   </trkpt>
   <trkpt lat="27.6327610" lon="75.4054720">
    <ele>560</ele>
   </trkpt>
   <trkpt lat="27.6325150" lon="75.4053980">
    <ele>562</ele>
   </trkpt>
   <trkpt lat="27.6323870" lon="75.4053820">
    <ele>563</ele>
   </trkpt>
   <trkpt lat="27.6323140" lon="75.4053950">
    <ele>563</ele>
   </trkpt>
   <trkpt lat="27.6322260" lon="75.4054190">
    <ele>563</ele>
   </trkpt>
   <trkpt lat="27.6321490" lon="75.4054309">
    <ele>563</ele>
   </trkpt>
   <trkpt lat="27.6320590" lon="75.4054260">
    <ele>564</ele>
   </trkpt>
   <trkpt lat="27.6318380" lon="75.4053670">
    <ele>564</ele>
   </trkpt>
   <trkpt lat="27.6315900" lon="75.4053250">
    <ele>564</ele>
   </trkpt>
   <trkpt lat="27.6313090" lon="75.4052230">
    <ele>563</ele>
   </trkpt>
   <trkpt lat="27.6310920" lon="75.4051710">
    <ele>562</ele>
   </trkpt>
   <trkpt lat="27.6309390" lon="75.4050870">
    <ele>562</ele>
   </trkpt>
   <trkpt lat="27.6308840" lon="75.4050530">
    <ele>562</ele>
   </trkpt>
   <trkpt lat="27.6308190" lon="75.4050680">
    <ele>562</ele>
   </trkpt>
   <trkpt lat="27.6303180" lon="75.4054290">
    <ele>564</ele>
   </trkpt>
   <trkpt lat="27.6302230" lon="75.4054790">
    <ele>564</ele>
   </trkpt>
   <trkpt lat="27.6301530" lon="75.4054710">
    <ele>565</ele>
   </trkpt>
   <trkpt lat="27.6300880" lon="75.4054309">
    <ele>565</ele>
   </trkpt>
   <trkpt lat="27.6298810" lon="75.4052180">
    <ele>565</ele>
   </trkpt>
   <trkpt lat="27.6293610" lon="75.4048490">
    <ele>567</ele>
   </trkpt>
   <trkpt lat="27.6291280" lon="75.4047450">
    <ele>566</ele>
   </trkpt>
   <trkpt lat="27.6289190" lon="75.4046510">
    <ele>566</ele>
   </trkpt>
   <trkpt lat="27.6288270" lon="75.4045730">
    <ele>566</ele>
   </trkpt>
   <trkpt lat="27.6287570" lon="75.4045400">
    <ele>566</ele>
   </trkpt>
   <trkpt lat="27.6286960" lon="75.4045110">
    <ele>566</ele>
   </trkpt>
   <trkpt lat="27.6286240" lon="75.4045070">
    <ele>567</ele>
   </trkpt>
   <trkpt lat="27.6284330" lon="75.4045340">
    <ele>567</ele>
   </trkpt>
   <trkpt lat="27.6283740" lon="75.4045000">
    <ele>567</ele>
   </trkpt>
   <trkpt lat="27.6282980" lon="75.4043260">
    <ele>567</ele>
   </trkpt>
   <trkpt lat="27.6282630" lon="75.4042670">
    <ele>567</ele>
   </trkpt>
   <trkpt lat="27.6281540" lon="75.4040830">
    <ele>568</ele>
   </trkpt>
   <trkpt lat="27.6280650" lon="75.4039890">
    <ele>568</ele>
   </trkpt>
   <trkpt lat="27.6279900" lon="75.4039220">
    <ele>569</ele>
   </trkpt>
   <trkpt lat="27.6279460" lon="75.4038630">
    <ele>569</ele>
   </trkpt>
   <trkpt lat="27.6279190" lon="75.4038030">
    <ele>568</ele>
   </trkpt>
   <trkpt lat="27.6278200" lon="75.4035250">
    <ele>567</ele>
   </trkpt>
   <trkpt lat="27.6277960" lon="75.4034730">
    <ele>567</ele>
   </trkpt>
   <trkpt lat="27.6277730" lon="75.4034300">
    <ele>565</ele>
   </trkpt>
   <trkpt lat="27.6277450" lon="75.4033890">
    <ele>565</ele>
   </trkpt>
   <trkpt lat="27.6274810" lon="75.4031660">
    <ele>566</ele>
   </trkpt>
   <trkpt lat="27.6274550" lon="75.4030870">
    <ele>564</ele>
   </trkpt>
   <trkpt lat="27.6274460" lon="75.4030240">
    <ele>564</ele>
   </trkpt>
   <trkpt lat="27.6274610" lon="75.4029460">
    <ele>563</ele>
   </trkpt>
   <trkpt lat="27.6276250" lon="75.4026020">
    <ele>562</ele>
   </trkpt>
   <trkpt lat="27.6276490" lon="75.4025520">
    <ele>562</ele>
   </trkpt>
   <trkpt lat="27.6276900" lon="75.4024580">
    <ele>562</ele>
   </trkpt>
   <trkpt lat="27.6277280" lon="75.4023980">
    <ele>561</ele>
   </trkpt>
   <trkpt lat="27.6277880" lon="75.4023770">
    <ele>561</ele>
   </trkpt>
   <trkpt lat="27.6279340" lon="75.4024100">
    <ele>561</ele>
   </trkpt>
   <trkpt lat="27.6280010" lon="75.4024230">
    <ele>561</ele>
   </trkpt>
   <trkpt lat="27.6280850" lon="75.4023780">
    <ele>561</ele>
   </trkpt>
   <trkpt lat="27.6281550" lon="75.4023050">
    <ele>561</ele>
   </trkpt>
   <trkpt lat="27.6282330" lon="75.4022320">
    <ele>561</ele>
   </trkpt>
   <trkpt lat="27.6282830" lon="75.4021690">
    <ele>561</ele>
   </trkpt>
   <trkpt lat="27.6283230" lon="75.4021030">
    <ele>561</ele>
   </trkpt>
   <trkpt lat="27.6283330" lon="75.4020380">
    <ele>562</ele>
   </trkpt>
   <trkpt lat="27.6282670" lon="75.4013910">
    <ele>567</ele>
   </trkpt>
   <trkpt lat="27.6282640" lon="75.4012980">
    <ele>567</ele>
   </trkpt>
   <trkpt lat="27.6282890" lon="75.4012190">
    <ele>568</ele>
   </trkpt>
   <trkpt lat="27.6283260" lon="75.4011529">
    <ele>568</ele>
   </trkpt>
   <trkpt lat="27.6283770" lon="75.4010980">
    <ele>568</ele>
   </trkpt>
   <trkpt lat="27.6284350" lon="75.4010700">
    <ele>568</ele>
   </trkpt>
   <trkpt lat="27.6286370" lon="75.4010290">
    <ele>571</ele>
   </trkpt>
   <trkpt lat="27.6288940" lon="75.4009930">
    <ele>571</ele>
   </trkpt>
   <trkpt lat="27.6290380" lon="75.4009430">
    <ele>571</ele>
   </trkpt>
   <trkpt lat="27.6292100" lon="75.4008020">
    <ele>574</ele>
   </trkpt>
   <trkpt lat="27.6294950" lon="75.4006220">
    <ele>575</ele>
   </trkpt>
   <trkpt lat="27.6295460" lon="75.4005720">
    <ele>575</ele>
   </trkpt>
   <trkpt lat="27.6295880" lon="75.4005100">
    <ele>574</ele>
   </trkpt>
   <trkpt lat="27.6296870" lon="75.4002840">
    <ele>573</ele>
   </trkpt>
   <trkpt lat="27.6297250" lon="75.4002120">
    <ele>573</ele>
   </trkpt>
   <trkpt lat="27.6298940" lon="75.3998950">
    <ele>571</ele>
   </trkpt>
   <trkpt lat="27.6300350" lon="75.3995630">
    <ele>568</ele>
   </trkpt>
   <trkpt lat="27.6301330" lon="75.3992770">
    <ele>567</ele>
   </trkpt>
   <trkpt lat="27.6301870" lon="75.3981560">
    <ele>567</ele>
   </trkpt>
   <trkpt lat="27.6302110" lon="75.3979640">
    <ele>567</ele>
   </trkpt>
   <trkpt lat="27.6302510" lon="75.3978750">
    <ele>567</ele>
   </trkpt>
   <trkpt lat="27.6303830" lon="75.3977910">
    <ele>566</ele>
   </trkpt>
   <trkpt lat="27.6305160" lon="75.3976720">
    <ele>566</ele>
   </trkpt>
   <trkpt lat="27.6305750" lon="75.3976200">
    <ele>566</ele>
   </trkpt>
   <trkpt lat="27.6308140" lon="75.3970260">
    <ele>570</ele>
   </trkpt>
   <trkpt lat="27.6308300" lon="75.3969870">
    <ele>570</ele>
   </trkpt>
   <trkpt lat="27.6309080" lon="75.3969390">
    <ele>570</ele>
   </trkpt>
   <trkpt lat="27.6310210" lon="75.3969480">
    <ele>570</ele>
   </trkpt>
   <trkpt lat="27.6317140" lon="75.3972129">
    <ele>571</ele>
   </trkpt>
   <trkpt lat="27.6320670" lon="75.3972960">
    <ele>570</ele>
   </trkpt>
   <trkpt lat="27.6322760" lon="75.3973010">
    <ele>570</ele>
   </trkpt>
   <trkpt lat="27.6324280" lon="75.3972780">
    <ele>571</ele>
   </trkpt>
   <trkpt lat="27.6328620" lon="75.3970530">
    <ele>573</ele>
   </trkpt>
   <trkpt lat="27.6331040" lon="75.3969670">
    <ele>573</ele>
   </trkpt>
   <trkpt lat="27.6333200" lon="75.3969150">
    <ele>574</ele>
   </trkpt>
   <trkpt lat="27.6335540" lon="75.3968630">
    <ele>577</ele>
   </trkpt>
   <trkpt lat="27.6347670" lon="75.3965750">
    <ele>586</ele>
   </trkpt>
   <trkpt lat="27.6352690" lon="75.3965140">
    <ele>586</ele>
   </trkpt>
   <trkpt lat="27.6357630" lon="75.3964730">
    <ele>589</ele>
   </trkpt>
   <trkpt lat="27.6358820" lon="75.3964570">
    <ele>590</ele>
   </trkpt>
   <trkpt lat="27.6359860" lon="75.3964520">
    <ele>592</ele>
   </trkpt>
   <trkpt lat="27.6362650" lon="75.3965000">
    <ele>597</ele>
   </trkpt>
   <trkpt lat="27.6365440" lon="75.3965510">
    <ele>599</ele>
   </trkpt>
   <trkpt lat="27.6366020" lon="75.3965480">
    <ele>602</ele>
   </trkpt>
   <trkpt lat="27.6366710" lon="75.3965350">
    <ele>602</ele>
   </trkpt>
   <trkpt lat="27.6367920" lon="75.3964640">
    <ele>604</ele>
   </trkpt>
   <trkpt lat="27.6369110" lon="75.3964370">
    <ele>606</ele>
   </trkpt>
   <trkpt lat="27.6372270" lon="75.3964820">
    <ele>610</ele>
   </trkpt>
   <trkpt lat="27.6374290" lon="75.3964770">
    <ele>611</ele>
   </trkpt>
   <trkpt lat="27.6374700" lon="75.3964710">
    <ele>613</ele>
   </trkpt>
   <trkpt lat="27.6375130" lon="75.3964510">
    <ele>613</ele>
   </trkpt>
   <trkpt lat="27.6375390" lon="75.3964200">
    <ele>611</ele>
   </trkpt>
   <trkpt lat="27.6375620" lon="75.3963820">
    <ele>611</ele>
   </trkpt>
   <trkpt lat="27.6375950" lon="75.3962990">
    <ele>611</ele>
   </trkpt>
   <trkpt lat="27.6376690" lon="75.3961800">
    <ele>615</ele>
   </trkpt>
   <trkpt lat="27.6376960" lon="75.3961650">
    <ele>615</ele>
   </trkpt>
   <trkpt lat="27.6377340" lon="75.3961630">
    <ele>615</ele>
   </trkpt>
   <trkpt lat="27.6377550" lon="75.3961780">
    <ele>615</ele>
   </trkpt>
   <trkpt lat="27.6377720" lon="75.3962100">
    <ele>618</ele>
   </trkpt>
   <trkpt lat="27.6377870" lon="75.3964090">
    <ele>617</ele>
   </trkpt>
   <trkpt lat="27.6378040" lon="75.3964280">
    <ele>618</ele>
   </trkpt>
   <trkpt lat="27.6378290" lon="75.3964380">
    <ele>618</ele>
   </trkpt>
   <trkpt lat="27.6378650" lon="75.3964310">
    <ele>618</ele>
   </trkpt>
   <trkpt lat="27.6378960" lon="75.3964030">
    <ele>617</ele>
   </trkpt>
   <trkpt lat="27.6379210" lon="75.3962800">
    <ele>619</ele>
   </trkpt>
   <trkpt lat="27.6379290" lon="75.3962020">
    <ele>620</ele>
   </trkpt>
   <trkpt lat="27.6379540" lon="75.3961570">
    <ele>620</ele>
   </trkpt>
   <trkpt lat="27.6379820" lon="75.3961460">
    <ele>620</ele>
   </trkpt>
   <trkpt lat="27.6380160" lon="75.3961580">
    <ele>620</ele>
   </trkpt>
   <trkpt lat="27.6380520" lon="75.3962140">
    <ele>620</ele>
   </trkpt>
   <trkpt lat="27.6380550" lon="75.3963040">
    <ele>619</ele>
   </trkpt>
   <trkpt lat="27.6380640" lon="75.3964760">
    <ele>620</ele>
   </trkpt>
   <trkpt lat="27.6380770" lon="75.3965140">
    <ele>622</ele>
   </trkpt>
   <trkpt lat="27.6381020" lon="75.3965420">
    <ele>622</ele>
   </trkpt>
   <trkpt lat="27.6381600" lon="75.3965500">
    <ele>622</ele>
   </trkpt>
   <trkpt lat="27.6381890" lon="75.3965210">
    <ele>622</ele>
   </trkpt>
   <trkpt lat="27.6381990" lon="75.3964960">
    <ele>622</ele>
   </trkpt>
   <trkpt lat="27.6382020" lon="75.3964190">
    <ele>622</ele>
   </trkpt>
   <trkpt lat="27.6382090" lon="75.3963620">
    <ele>622</ele>
   </trkpt>
   <trkpt lat="27.6382150" lon="75.3963250">
    <ele>622</ele>
   </trkpt>
   <trkpt lat="27.6382420" lon="75.3962990">
    <ele>625</ele>
   </trkpt>
   <trkpt lat="27.6382720" lon="75.3962860">
    <ele>625</ele>
   </trkpt>
   <trkpt lat="27.6383100" lon="75.3963100">
    <ele>625</ele>
   </trkpt>
   <trkpt lat="27.6383500" lon="75.3964060">
    <ele>625</ele>
   </trkpt>
   <trkpt lat="27.6383890" lon="75.3965550">
    <ele>627</ele>
   </trkpt>
   <trkpt lat="27.6384120" lon="75.3966480">
    <ele>625</ele>
   </trkpt>
   <trkpt lat="27.6384420" lon="75.3966770">
    <ele>625</ele>
   </trkpt>
   <trkpt lat="27.6384800" lon="75.3966850">
    <ele>625</ele>
   </trkpt>
   <trkpt lat="27.6385200" lon="75.3966850">
    <ele>625</ele>
   </trkpt>
   <trkpt lat="27.6385580" lon="75.3966420">
    <ele>626</ele>
   </trkpt>
   <trkpt lat="27.6385650" lon="75.3965920">
    <ele>629</ele>
   </trkpt>
   <trkpt lat="27.6385410" lon="75.3965039">
    <ele>629</ele>
   </trkpt>
   <trkpt lat="27.6385260" lon="75.3964160">
    <ele>631</ele>
   </trkpt>
   <trkpt lat="27.6385310" lon="75.3963610">
    <ele>631</ele>
   </trkpt>
   <trkpt lat="27.6385580" lon="75.3963210">
    <ele>631</ele>
   </trkpt>
   <trkpt lat="27.6385960" lon="75.3963190">
    <ele>631</ele>
   </trkpt>
   <trkpt lat="27.6386360" lon="75.3963290">
    <ele>631</ele>
   </trkpt>
   <trkpt lat="27.6387460" lon="75.3964190">
    <ele>633</ele>
   </trkpt>
   <trkpt lat="27.6388730" lon="75.3965740">
    <ele>631</ele>
   </trkpt>
   <trkpt lat="27.6389390" lon="75.3967260">
    <ele>628</ele>
   </trkpt>
   <trkpt lat="27.6389550" lon="75.3967530">
    <ele>628</ele>
   </trkpt>
   <trkpt lat="27.6389720" lon="75.3967739">
    <ele>628</ele>
   </trkpt>
   <trkpt lat="27.6390090" lon="75.3967890">
    <ele>628</ele>
   </trkpt>
   <trkpt lat="27.6390510" lon="75.3967980">
    <ele>628</ele>
   </trkpt>
   <trkpt lat="27.6391940" lon="75.3967520">
    <ele>628</ele>
   </trkpt>
   <trkpt lat="27.6392520" lon="75.3967100">
    <ele>628</ele>
   </trkpt>
   <trkpt lat="27.6392660" lon="75.3966850">
    <ele>628</ele>
   </trkpt>
   <trkpt lat="27.6392650" lon="75.3966610">
    <ele>628</ele>
   </trkpt>
   <trkpt lat="27.6392600" lon="75.3966389">
    <ele>628</ele>
   </trkpt>
   <trkpt lat="27.6392450" lon="75.3966180">
    <ele>628</ele>
   </trkpt>
   <trkpt lat="27.6391360" lon="75.3965680">
    <ele>631</ele>
   </trkpt>
   <trkpt lat="27.6390620" lon="75.3965200">
    <ele>632</ele>
   </trkpt>
   <trkpt lat="27.6385380" lon="75.3958540">
    <ele>637</ele>
   </trkpt>
   <trkpt lat="27.6384490" lon="75.3957150">
    <ele>633</ele>
   </trkpt>
   <trkpt lat="27.6384520" lon="75.3956760">
    <ele>633</ele>
   </trkpt>
   <trkpt lat="27.6384600" lon="75.3956380">
    <ele>633</ele>
   </trkpt>
   <trkpt lat="27.6384780" lon="75.3956140">
    <ele>633</ele>
   </trkpt>
   <trkpt lat="27.6384980" lon="75.3956030">
    <ele>633</ele>
   </trkpt>
   <trkpt lat="27.6385430" lon="75.3956070">
    <ele>637</ele>
   </trkpt>
   <trkpt lat="27.6385870" lon="75.3956220">
    <ele>637</ele>
   </trkpt>
   <trkpt lat="27.6388110" lon="75.3957950">
    <ele>639</ele>
   </trkpt>
   <trkpt lat="27.6388820" lon="75.3958490">
    <ele>641</ele>
   </trkpt>
   <trkpt lat="27.6391850" lon="75.3961160">
    <ele>638</ele>
   </trkpt>
   <trkpt lat="27.6392270" lon="75.3961250">
    <ele>638</ele>
   </trkpt>
   <trkpt lat="27.6392570" lon="75.3961099">
    <ele>638</ele>
   </trkpt>
   <trkpt lat="27.6392700" lon="75.3960880">
    <ele>638</ele>
   </trkpt>
   <trkpt lat="27.6392710" lon="75.3960510">
    <ele>641</ele>
   </trkpt>
   <trkpt lat="27.6392290" lon="75.3959470">
    <ele>641</ele>
   </trkpt>
   <trkpt lat="27.6391860" lon="75.3958650">
    <ele>643</ele>
   </trkpt>
   <trkpt lat="27.6391850" lon="75.3958120">
    <ele>643</ele>
   </trkpt>
   <trkpt lat="27.6391940" lon="75.3957940">
    <ele>643</ele>
   </trkpt>
   <trkpt lat="27.6392300" lon="75.3957630">
    <ele>643</ele>
   </trkpt>
   <trkpt lat="27.6392760" lon="75.3957490">
    <ele>643</ele>
   </trkpt>
   <trkpt lat="27.6393210" lon="75.3957380">
    <ele>643</ele>
   </trkpt>
   <trkpt lat="27.6393800" lon="75.3957150">
    <ele>645</ele>
   </trkpt>
   <trkpt lat="27.6393970" lon="75.3956740">
    <ele>645</ele>
   </trkpt>
   <trkpt lat="27.6393960" lon="75.3956310">
    <ele>645</ele>
   </trkpt>
   <trkpt lat="27.6393700" lon="75.3955850">
    <ele>645</ele>
   </trkpt>
   <trkpt lat="27.6391970" lon="75.3953490">
    <ele>653</ele>
   </trkpt>
   <trkpt lat="27.6391740" lon="75.3952490">
    <ele>653</ele>
   </trkpt>
   <trkpt lat="27.6392060" lon="75.3951940">
    <ele>659</ele>
   </trkpt>
   <trkpt lat="27.6392710" lon="75.3952050">
    <ele>659</ele>
   </trkpt>
   <trkpt lat="27.6394200" lon="75.3953260">
    <ele>655</ele>
   </trkpt>
   <trkpt lat="27.6395140" lon="75.3953570">
    <ele>656</ele>
   </trkpt>
   <trkpt lat="27.6395730" lon="75.3953380">
    <ele>656</ele>
   </trkpt>
   <trkpt lat="27.6395960" lon="75.3952950">
    <ele>656</ele>
   </trkpt>
   <trkpt lat="27.6395990" lon="75.3952220">
    <ele>656</ele>
   </trkpt>
   <trkpt lat="27.6395830" lon="75.3951870">
    <ele>663</ele>
   </trkpt>
   <trkpt lat="27.6395350" lon="75.3951640">
    <ele>663</ele>
   </trkpt>
   <trkpt lat="27.6393910" lon="75.3951050">
    <ele>661</ele>
   </trkpt>
   <trkpt lat="27.6392870" lon="75.3950210">
    <ele>669</ele>
   </trkpt>
   <trkpt lat="27.6389170" lon="75.3944549">
    <ele>673</ele>
   </trkpt>
   <trkpt lat="27.6383380" lon="75.3936480">
    <ele>677</ele>
   </trkpt>
   <trkpt lat="27.6382440" lon="75.3935220">
    <ele>677</ele>
   </trkpt>
   <trkpt lat="27.6382400" lon="75.3934529">
    <ele>684</ele>
   </trkpt>
   <trkpt lat="27.6382660" lon="75.3934330">
    <ele>684</ele>
   </trkpt>
   <trkpt lat="27.6383680" lon="75.3934620">
    <ele>684</ele>
   </trkpt>
   <trkpt lat="27.6389080" lon="75.3939460">
    <ele>688</ele>
   </trkpt>
   <trkpt lat="27.6390650" lon="75.3941220">
    <ele>689</ele>
   </trkpt>
   <trkpt lat="27.6391070" lon="75.3941610">
    <ele>689</ele>
   </trkpt>
   <trkpt lat="27.6391300" lon="75.3941650">
    <ele>689</ele>
   </trkpt>
   <trkpt lat="27.6391580" lon="75.3941550">
    <ele>694</ele>
   </trkpt>
   <trkpt lat="27.6391710" lon="75.3941310">
    <ele>694</ele>
   </trkpt>
   <trkpt lat="27.6391780" lon="75.3941070">
    <ele>694</ele>
   </trkpt>
   <trkpt lat="27.6391790" lon="75.3940430">
    <ele>694</ele>
   </trkpt>
   <trkpt lat="27.6391700" lon="75.3939989">
    <ele>698</ele>
   </trkpt>
   <trkpt lat="27.6391560" lon="75.3939709">
    <ele>698</ele>
   </trkpt>
   <trkpt lat="27.6389510" lon="75.3937119">
    <ele>691</ele>
   </trkpt>
   <trkpt lat="27.6389160" lon="75.3936690">
    <ele>693</ele>
   </trkpt>
   <trkpt lat="27.6389020" lon="75.3936270">
    <ele>693</ele>
   </trkpt>
   <trkpt lat="27.6388970" lon="75.3935500">
    <ele>693</ele>
   </trkpt>
   <trkpt lat="27.6389130" lon="75.3934890">
    <ele>693</ele>
   </trkpt>
   <trkpt lat="27.6389430" lon="75.3934050">
    <ele>693</ele>
   </trkpt>
   <trkpt lat="27.6389600" lon="75.3933480">
    <ele>693</ele>
   </trkpt>
   <trkpt lat="27.6389860" lon="75.3933170">
    <ele>690</ele>
   </trkpt>
   <trkpt lat="27.6390260" lon="75.3932920">
    <ele>690</ele>
   </trkpt>
   <trkpt lat="27.6390610" lon="75.3932780">
    <ele>690</ele>
   </trkpt>
   <trkpt lat="27.6390940" lon="75.3932760">
    <ele>690</ele>
   </trkpt>
   <trkpt lat="27.6391440" lon="75.3932750">
    <ele>691</ele>
   </trkpt>
   <trkpt lat="27.6391850" lon="75.3932740">
    <ele>691</ele>
   </trkpt>
   <trkpt lat="27.6392060" lon="75.3932530">
    <ele>691</ele>
   </trkpt>
   <trkpt lat="27.6392190" lon="75.3932130">
    <ele>691</ele>
   </trkpt>
   <trkpt lat="27.6392100" lon="75.3931680">
    <ele>691</ele>
   </trkpt>
   <trkpt lat="27.6391910" lon="75.3931470">
    <ele>684</ele>
   </trkpt>
   <trkpt lat="27.6391530" lon="75.3931240">
    <ele>684</ele>
   </trkpt>
   <trkpt lat="27.6390080" lon="75.3931300">
    <ele>683</ele>
   </trkpt>
   <trkpt lat="27.6388790" lon="75.3930840">
    <ele>683</ele>
   </trkpt>
   <trkpt lat="27.6388500" lon="75.3930660">
    <ele>683</ele>
   </trkpt>
   <trkpt lat="27.6388310" lon="75.3930420">
    <ele>683</ele>
   </trkpt>
   <trkpt lat="27.6386580" lon="75.3927700">
    <ele>679</ele>
   </trkpt>
   <trkpt lat="27.6386140" lon="75.3926700">
    <ele>679</ele>
   </trkpt>
   <trkpt lat="27.6385960" lon="75.3926170">
    <ele>672</ele>
   </trkpt>
   <trkpt lat="27.6385750" lon="75.3925530">
    <ele>672</ele>
   </trkpt>
   <trkpt lat="27.6385710" lon="75.3924900">
    <ele>672</ele>
   </trkpt>
   <trkpt lat="27.6385640" lon="75.3923390">
    <ele>670</ele>
   </trkpt>
   <trkpt lat="27.6385900" lon="75.3917370">
    <ele>671</ele>
   </trkpt>
   <trkpt lat="27.6386060" lon="75.3916320">
    <ele>671</ele>
   </trkpt>
   <trkpt lat="27.6386220" lon="75.3916020">
    <ele>672</ele>
   </trkpt>
   <trkpt lat="27.6386290" lon="75.3915920">
    <ele>672</ele>
   </trkpt>
   <trkpt lat="27.6386390" lon="75.3915770">
    <ele>672</ele>
   </trkpt>
   <trkpt lat="27.6386530" lon="75.3915610">
    <ele>672</ele>
   </trkpt>
   <trkpt lat="27.6386780" lon="75.3915449">
    <ele>668</ele>
   </trkpt>
   <trkpt lat="27.6387020" lon="75.3915410">
    <ele>668</ele>
   </trkpt>
   <trkpt lat="27.6387430" lon="75.3915270">
    <ele>668</ele>
   </trkpt>
   <trkpt lat="27.6387580" lon="75.3915169">
    <ele>668</ele>
   </trkpt>
   <trkpt lat="27.6387760" lon="75.3915020">
    <ele>668</ele>
   </trkpt>
   <trkpt lat="27.6387980" lon="75.3914630">
    <ele>668</ele>
   </trkpt>
   <trkpt lat="27.6388220" lon="75.3913890">
    <ele>669</ele>
   </trkpt>
   <trkpt lat="27.6388360" lon="75.3913180">
    <ele>669</ele>
   </trkpt>
   <trkpt lat="27.6388410" lon="75.3912350">
    <ele>671</ele>
   </trkpt>
   <trkpt lat="27.6388570" lon="75.3911620">
    <ele>671</ele>
   </trkpt>
   <trkpt lat="27.6388960" lon="75.3910990">
    <ele>673</ele>
   </trkpt>
   <trkpt lat="27.6389390" lon="75.3910320">
    <ele>673</ele>
   </trkpt>
   <trkpt lat="27.6390190" lon="75.3909590">
    <ele>673</ele>
   </trkpt>
   <trkpt lat="27.6391240" lon="75.3908510">
    <ele>674</ele>
   </trkpt>
   <trkpt lat="27.6392090" lon="75.3907340">
    <ele>680</ele>
   </trkpt>
   <trkpt lat="27.6392320" lon="75.3906740">
    <ele>680</ele>
   </trkpt>
   <trkpt lat="27.6392340" lon="75.3906120">
    <ele>680</ele>
   </trkpt>
   <trkpt lat="27.6392060" lon="75.3905319">
    <ele>680</ele>
   </trkpt>
   <trkpt lat="27.6390450" lon="75.3903200">
    <ele>677</ele>
   </trkpt>
   <trkpt lat="27.6388880" lon="75.3901020">
    <ele>674</ele>
   </trkpt>
   <trkpt lat="27.6388460" lon="75.3900309">
    <ele>674</ele>
   </trkpt>
   <trkpt lat="27.6388260" lon="75.3899740">
    <ele>672</ele>
   </trkpt>
   <trkpt lat="27.6388190" lon="75.3899030">
    <ele>672</ele>
   </trkpt>
   <trkpt lat="27.6388200" lon="75.3898300">
    <ele>672</ele>
   </trkpt>
   <trkpt lat="27.6388460" lon="75.3897540">
    <ele>674</ele>
   </trkpt>
   <trkpt lat="27.6388970" lon="75.3896380">
    <ele>673</ele>
   </trkpt>
   <trkpt lat="27.6389970" lon="75.3893830">
    <ele>673</ele>
   </trkpt>
   <trkpt lat="27.6390680" lon="75.3892320">
    <ele>673</ele>
   </trkpt>
   <trkpt lat="27.6390980" lon="75.3891500">
    <ele>674</ele>
   </trkpt>
   <trkpt lat="27.6391180" lon="75.3890710">
    <ele>674</ele>
   </trkpt>
   <trkpt lat="27.6391300" lon="75.3889980">
    <ele>674</ele>
   </trkpt>
   <trkpt lat="27.6391390" lon="75.3889280">
    <ele>675</ele>
   </trkpt>
   <trkpt lat="27.6391450" lon="75.3888659">
    <ele>676</ele>
   </trkpt>
   <trkpt lat="27.6391550" lon="75.3886750">
    <ele>678</ele>
   </trkpt>
   <trkpt lat="27.6391510" lon="75.3886200">
    <ele>678</ele>
   </trkpt>
   <trkpt lat="27.6391380" lon="75.3885700">
    <ele>678</ele>
   </trkpt>
   <trkpt lat="27.6390490" lon="75.3883510">
    <ele>679</ele>
   </trkpt>
   <trkpt lat="27.6390280" lon="75.3882870">
    <ele>679</ele>
   </trkpt>
   <trkpt lat="27.6390130" lon="75.3882120">
    <ele>679</ele>
   </trkpt>
   <trkpt lat="27.6390050" lon="75.3881270">
    <ele>680</ele>
   </trkpt>
   <trkpt lat="27.6390010" lon="75.3880250">
    <ele>680</ele>
   </trkpt>
   <trkpt lat="27.6390060" lon="75.3879520">
    <ele>680</ele>
   </trkpt>
   <trkpt lat="27.6390290" lon="75.3878800">
    <ele>680</ele>
   </trkpt>
   <trkpt lat="27.6390310" lon="75.3878770">
    <ele>680</ele>
   </trkpt>
   <trkpt lat="27.6390850" lon="75.3877780">
    <ele>682</ele>
   </trkpt>
   <trkpt lat="27.6391520" lon="75.3876700">
    <ele>682</ele>
   </trkpt>
   <trkpt lat="27.6392290" lon="75.3875490">
    <ele>683</ele>
   </trkpt>
   <trkpt lat="27.6393360" lon="75.3874060">
    <ele>683</ele>
   </trkpt>
   <trkpt lat="27.6394480" lon="75.3872510">
    <ele>683</ele>
   </trkpt>
   <trkpt lat="27.6394630" lon="75.3872279">
    <ele>683</ele>
   </trkpt>
   <trkpt lat="27.6395170" lon="75.3871480">
    <ele>684</ele>
   </trkpt>
   <trkpt lat="27.6395600" lon="75.3870560">
    <ele>684</ele>
   </trkpt>
   <trkpt lat="27.6395860" lon="75.3869750">
    <ele>685</ele>
   </trkpt>
   <trkpt lat="27.6396100" lon="75.3868360">
    <ele>687</ele>
   </trkpt>
   <trkpt lat="27.6396480" lon="75.3866330">
    <ele>691</ele>
   </trkpt>
   <trkpt lat="27.6396480" lon="75.3865600">
    <ele>691</ele>
   </trkpt>
   <trkpt lat="27.6396290" lon="75.3864910">
    <ele>691</ele>
   </trkpt>
   <trkpt lat="27.6395900" lon="75.3864470">
    <ele>694</ele>
   </trkpt>
   <trkpt lat="27.6395230" lon="75.3863980">
    <ele>692</ele>
   </trkpt>
   <trkpt lat="27.6394420" lon="75.3863550">
    <ele>692</ele>
   </trkpt>
   <trkpt lat="27.6393100" lon="75.3862950">
    <ele>694</ele>
   </trkpt>
   <trkpt lat="27.6391960" lon="75.3862429">
    <ele>692</ele>
   </trkpt>
   <trkpt lat="27.6391530" lon="75.3862150">
    <ele>692</ele>
   </trkpt>
   <trkpt lat="27.6391150" lon="75.3861850">
    <ele>691</ele>
   </trkpt>
   <trkpt lat="27.6390740" lon="75.3861460">
    <ele>691</ele>
   </trkpt>
   <trkpt lat="27.6390410" lon="75.3860950">
    <ele>693</ele>
   </trkpt>
   <trkpt lat="27.6389890" lon="75.3859950">
    <ele>693</ele>
   </trkpt>
   <trkpt lat="27.6389610" lon="75.3859310">
    <ele>693</ele>
   </trkpt>
   <trkpt lat="27.6389300" lon="75.3858540">
    <ele>693</ele>
   </trkpt>
   <trkpt lat="27.6389030" lon="75.3857950">
    <ele>693</ele>
   </trkpt>
   <trkpt lat="27.6388710" lon="75.3857360">
    <ele>693</ele>
   </trkpt>
   <trkpt lat="27.6388250" lon="75.3856660">
    <ele>690</ele>
   </trkpt>
   <trkpt lat="27.6387580" lon="75.3856069">
    <ele>689</ele>
   </trkpt>
   <trkpt lat="27.6386570" lon="75.3855390">
    <ele>688</ele>
   </trkpt>
   <trkpt lat="27.6383990" lon="75.3853610">
    <ele>688</ele>
   </trkpt>
   <trkpt lat="27.6383280" lon="75.3853139">
    <ele>689</ele>
   </trkpt>
   <trkpt lat="27.6382660" lon="75.3852790">
    <ele>689</ele>
   </trkpt>
   <trkpt lat="27.6382100" lon="75.3852610">
    <ele>689</ele>
   </trkpt>
   <trkpt lat="27.6381260" lon="75.3852500">
    <ele>689</ele>
   </trkpt>
   <trkpt lat="27.6379730" lon="75.3852239">
    <ele>690</ele>
   </trkpt>
   <trkpt lat="27.6378500" lon="75.3851900">
    <ele>691</ele>
   </trkpt>
   <trkpt lat="27.6377430" lon="75.3851509">
    <ele>693</ele>
   </trkpt>
   <trkpt lat="27.6373790" lon="75.3849740">
    <ele>696</ele>
   </trkpt>
   <trkpt lat="27.6372370" lon="75.3849040">
    <ele>695</ele>
   </trkpt>
   <trkpt lat="27.6370620" lon="75.3848170">
    <ele>696</ele>
   </trkpt>
   <trkpt lat="27.6364900" lon="75.3846010">
    <ele>700</ele>
   </trkpt>
   <trkpt lat="27.6363920" lon="75.3845520">
    <ele>700</ele>
   </trkpt>
   <trkpt lat="27.6362850" lon="75.3844890">
    <ele>700</ele>
   </trkpt>
   <trkpt lat="27.6361870" lon="75.3844180">
    <ele>703</ele>
   </trkpt>
   <trkpt lat="27.6360990" lon="75.3843500">
    <ele>700</ele>
   </trkpt>
   <trkpt lat="27.6357880" lon="75.3840570">
    <ele>700</ele>
   </trkpt>
   <trkpt lat="27.6357220" lon="75.3839760">
    <ele>703</ele>
   </trkpt>
   <trkpt lat="27.6356750" lon="75.3839110">
    <ele>703</ele>
   </trkpt>
   <trkpt lat="27.6355510" lon="75.3837410">
    <ele>705</ele>
   </trkpt>
   <trkpt lat="27.6354690" lon="75.3836260">
    <ele>707</ele>
   </trkpt>
   <trkpt lat="27.6353460" lon="75.3835290">
    <ele>706</ele>
   </trkpt>
   <trkpt lat="27.6348240" lon="75.3832410">
    <ele>712</ele>
   </trkpt>
   <trkpt lat="27.6341090" lon="75.3828760">
    <ele>722</ele>
   </trkpt>
   <trkpt lat="27.6339470" lon="75.3827900">
    <ele>724</ele>
   </trkpt>
   <trkpt lat="27.6338200" lon="75.3827510">
    <ele>724</ele>
   </trkpt>
   <trkpt lat="27.6337050" lon="75.3827370">
    <ele>724</ele>
   </trkpt>
   <trkpt lat="27.6335560" lon="75.3827170">
    <ele>725</ele>
   </trkpt>
   <trkpt lat="27.6334630" lon="75.3826790">
    <ele>724</ele>
   </trkpt>
   <trkpt lat="27.6333900" lon="75.3826040">
    <ele>724</ele>
   </trkpt>
   <trkpt lat="27.6332290" lon="75.3823580">
    <ele>721</ele>
   </trkpt>
   <trkpt lat="27.6331610" lon="75.3822530">
    <ele>717</ele>
   </trkpt>
   <trkpt lat="27.6330980" lon="75.3821700">
    <ele>718</ele>
   </trkpt>
   <trkpt lat="27.6330350" lon="75.3820990">
    <ele>712</ele>
   </trkpt>
   <trkpt lat="27.6329850" lon="75.3820450">
    <ele>712</ele>
   </trkpt>
   <trkpt lat="27.6329660" lon="75.3819930">
    <ele>712</ele>
   </trkpt>
   <trkpt lat="27.6329600" lon="75.3819369">
    <ele>712</ele>
   </trkpt>
   <trkpt lat="27.6329710" lon="75.3818180">
    <ele>715</ele>
   </trkpt>
   <trkpt lat="27.6329670" lon="75.3817229">
    <ele>715</ele>
   </trkpt>
   <trkpt lat="27.6329530" lon="75.3816640">
    <ele>715</ele>
   </trkpt>
   <trkpt lat="27.6329150" lon="75.3815850">
    <ele>720</ele>
   </trkpt>
   <trkpt lat="27.6322710" lon="75.3807930">
    <ele>711</ele>
   </trkpt>
   <trkpt lat="27.6322210" lon="75.3807260">
    <ele>711</ele>
   </trkpt>
   <trkpt lat="27.6321730" lon="75.3806860">
    <ele>711</ele>
   </trkpt>
   <trkpt lat="27.6321260" lon="75.3806710">
    <ele>703</ele>
   </trkpt>
   <trkpt lat="27.6320860" lon="75.3806740">
    <ele>703</ele>
   </trkpt>
   <trkpt lat="27.6320670" lon="75.3807120">
    <ele>703</ele>
   </trkpt>
   <trkpt lat="27.6320670" lon="75.3807570">
    <ele>703</ele>
   </trkpt>
   <trkpt lat="27.6320780" lon="75.3808010">
    <ele>703</ele>
   </trkpt>
   <trkpt lat="27.6320980" lon="75.3808550">
    <ele>697</ele>
   </trkpt>
   <trkpt lat="27.6321270" lon="75.3809110">
    <ele>697</ele>
   </trkpt>
   <trkpt lat="27.6321860" lon="75.3810290">
    <ele>697</ele>
   </trkpt>
   <trkpt lat="27.6325370" lon="75.3815400">
    <ele>695</ele>
   </trkpt>
   <trkpt lat="27.6325560" lon="75.3815790">
    <ele>695</ele>
   </trkpt>
   <trkpt lat="27.6325620" lon="75.3816060">
    <ele>695</ele>
   </trkpt>
   <trkpt lat="27.6325590" lon="75.3816370">
    <ele>695</ele>
   </trkpt>
   <trkpt lat="27.6325480" lon="75.3816600">
    <ele>695</ele>
   </trkpt>
   <trkpt lat="27.6325310" lon="75.3816890">
    <ele>693</ele>
   </trkpt>
   <trkpt lat="27.6325010" lon="75.3817160">
    <ele>693</ele>
   </trkpt>
   <trkpt lat="27.6324680" lon="75.3817330">
    <ele>693</ele>
   </trkpt>
   <trkpt lat="27.6324220" lon="75.3817440">
    <ele>688</ele>
   </trkpt>
   <trkpt lat="27.6323680" lon="75.3817420">
    <ele>688</ele>
   </trkpt>
   <trkpt lat="27.6323140" lon="75.3817300">
    <ele>688</ele>
   </trkpt>
   <trkpt lat="27.6322600" lon="75.3816870">
    <ele>683</ele>
   </trkpt>
   <trkpt lat="27.6322280" lon="75.3816410">
    <ele>685</ele>
   </trkpt>
   <trkpt lat="27.6321910" lon="75.3815709">
    <ele>685</ele>
   </trkpt>
   <trkpt lat="27.6321360" lon="75.3814359">
    <ele>688</ele>
   </trkpt>
   <trkpt lat="27.6320940" lon="75.3813710">
    <ele>683</ele>
   </trkpt>
   <trkpt lat="27.6320630" lon="75.3813340">
    <ele>683</ele>
   </trkpt>
   <trkpt lat="27.6320060" lon="75.3812729">
    <ele>687</ele>
   </trkpt>
   <trkpt lat="27.6318360" lon="75.3810990">
    <ele>684</ele>
   </trkpt>
   <trkpt lat="27.6318080" lon="75.3810520">
    <ele>677</ele>
   </trkpt>
   <trkpt lat="27.6317790" lon="75.3809960">
    <ele>677</ele>
   </trkpt>
   <trkpt lat="27.6317250" lon="75.3808680">
    <ele>681</ele>
   </trkpt>
   <trkpt lat="27.6316260" lon="75.3806680">
    <ele>676</ele>
   </trkpt>
   <trkpt lat="27.6316020" lon="75.3806230">
    <ele>681</ele>
   </trkpt>
   <trkpt lat="27.6315740" lon="75.3805830">
    <ele>681</ele>
   </trkpt>
   <trkpt lat="27.6315470" lon="75.3805520">
    <ele>681</ele>
   </trkpt>
   <trkpt lat="27.6315190" lon="75.3805210">
    <ele>672</ele>
   </trkpt>
   <trkpt lat="27.6314670" lon="75.3804740">
    <ele>672</ele>
   </trkpt>
   <trkpt lat="27.6314260" lon="75.3804290">
    <ele>677</ele>
   </trkpt>
   <trkpt lat="27.6313820" lon="75.3803720">
    <ele>677</ele>
   </trkpt>
   <trkpt lat="27.6312570" lon="75.3801979">
    <ele>676</ele>
   </trkpt>
   <trkpt lat="27.6312050" lon="75.3801280">
    <ele>667</ele>
   </trkpt>
   <trkpt lat="27.6311690" lon="75.3800860">
    <ele>673</ele>
   </trkpt>
   <trkpt lat="27.6311310" lon="75.3800430">
    <ele>673</ele>
   </trkpt>
   <trkpt lat="27.6309390" lon="75.3798170">
    <ele>671</ele>
   </trkpt>
   <trkpt lat="27.6309100" lon="75.3797740">
    <ele>659</ele>
   </trkpt>
   <trkpt lat="27.6308840" lon="75.3797220">
    <ele>662</ele>
   </trkpt>
   <trkpt lat="27.6308540" lon="75.3796450">
    <ele>662</ele>
   </trkpt>
   <trkpt lat="27.6307280" lon="75.3791750">
    <ele>651</ele>
   </trkpt>
   <trkpt lat="27.6307130" lon="75.3791370">
    <ele>651</ele>
   </trkpt>
   <trkpt lat="27.6306900" lon="75.3791100">
    <ele>651</ele>
   </trkpt>
   <trkpt lat="27.6306580" lon="75.3790960">
    <ele>651</ele>
   </trkpt>
   <trkpt lat="27.6306210" lon="75.3791120">
    <ele>651</ele>
   </trkpt>
   <trkpt lat="27.6306090" lon="75.3791460">
    <ele>642</ele>
   </trkpt>
   <trkpt lat="27.6306090" lon="75.3791860">
    <ele>642</ele>
   </trkpt>
   <trkpt lat="27.6306760" lon="75.3795559">
    <ele>654</ele>
   </trkpt>
   <trkpt lat="27.6307430" lon="75.3798520">
    <ele>647</ele>
   </trkpt>
   <trkpt lat="27.6307700" lon="75.3799350">
    <ele>659</ele>
   </trkpt>
   <trkpt lat="27.6307960" lon="75.3800030">
    <ele>653</ele>
   </trkpt>
   <trkpt lat="27.6308230" lon="75.3800700">
    <ele>653</ele>
   </trkpt>
   <trkpt lat="27.6309300" lon="75.3802900">
    <ele>651</ele>
   </trkpt>
   <trkpt lat="27.6310590" lon="75.3806210">
    <ele>647</ele>
   </trkpt>
   <trkpt lat="27.6310670" lon="75.3806730">
    <ele>643</ele>
   </trkpt>
   <trkpt lat="27.6310670" lon="75.3807000">
    <ele>643</ele>
   </trkpt>
   <trkpt lat="27.6310590" lon="75.3807470">
    <ele>643</ele>
   </trkpt>
   <trkpt lat="27.6310430" lon="75.3807860">
    <ele>643</ele>
   </trkpt>
   <trkpt lat="27.6310170" lon="75.3807999">
    <ele>643</ele>
   </trkpt>
   <trkpt lat="27.6309840" lon="75.3808010">
    <ele>643</ele>
   </trkpt>
   <trkpt lat="27.6309430" lon="75.3807770">
    <ele>643</ele>
   </trkpt>
   <trkpt lat="27.6309100" lon="75.3807400">
    <ele>637</ele>
   </trkpt>
   <trkpt lat="27.6307610" lon="75.3805600">
    <ele>633</ele>
   </trkpt>
   <trkpt lat="27.6307400" lon="75.3805180">
    <ele>633</ele>
   </trkpt>
   <trkpt lat="27.6307160" lon="75.3804460">
    <ele>636</ele>
   </trkpt>
   <trkpt lat="27.6306690" lon="75.3802840">
    <ele>639</ele>
   </trkpt>
   <trkpt lat="27.6306440" lon="75.3802360">
    <ele>639</ele>
   </trkpt>
   <trkpt lat="27.6306100" lon="75.3801870">
    <ele>632</ele>
   </trkpt>
   <trkpt lat="27.6305150" lon="75.3800830">
    <ele>635</ele>
   </trkpt>
   <trkpt lat="27.6304560" lon="75.3800140">
    <ele>628</ele>
   </trkpt>
   <trkpt lat="27.6304180" lon="75.3799590">
    <ele>628</ele>
   </trkpt>
   <trkpt lat="27.6304000" lon="75.3799280">
    <ele>631</ele>
   </trkpt>
   <trkpt lat="27.6303840" lon="75.3798879">
    <ele>631</ele>
   </trkpt>
   <trkpt lat="27.6303600" lon="75.3798100">
    <ele>631</ele>
   </trkpt>
   <trkpt lat="27.6303380" lon="75.3797140">
    <ele>633</ele>
   </trkpt>
   <trkpt lat="27.6303210" lon="75.3796360">
    <ele>633</ele>
   </trkpt>
   <trkpt lat="27.6302700" lon="75.3793610">
    <ele>626</ele>
   </trkpt>
   <trkpt lat="27.6302350" lon="75.3791710">
    <ele>626</ele>
   </trkpt>
   <trkpt lat="27.6302150" lon="75.3791339">
    <ele>626</ele>
   </trkpt>
   <trkpt lat="27.6301900" lon="75.3791240">
    <ele>626</ele>
   </trkpt>
   <trkpt lat="27.6301670" lon="75.3791220">
    <ele>626</ele>
   </trkpt>
   <trkpt lat="27.6301410" lon="75.3791400">
    <ele>619</ele>
   </trkpt>
   <trkpt lat="27.6301240" lon="75.3791770">
    <ele>619</ele>
   </trkpt>
   <trkpt lat="27.6301220" lon="75.3799219">
    <ele>618</ele>
   </trkpt>
   <trkpt lat="27.6301180" lon="75.3799800">
    <ele>616</ele>
   </trkpt>
   <trkpt lat="27.6301090" lon="75.3800380">
    <ele>616</ele>
   </trkpt>
   <trkpt lat="27.6300860" lon="75.3800739">
    <ele>616</ele>
   </trkpt>
   <trkpt lat="27.6300620" lon="75.3800880">
    <ele>616</ele>
   </trkpt>
   <trkpt lat="27.6300210" lon="75.3800940">
    <ele>616</ele>
   </trkpt>
   <trkpt lat="27.6299890" lon="75.3800790">
    <ele>611</ele>
   </trkpt>
   <trkpt lat="27.6299590" lon="75.3800490">
    <ele>611</ele>
   </trkpt>
   <trkpt lat="27.6299430" lon="75.3800100">
    <ele>611</ele>
   </trkpt>
   <trkpt lat="27.6299320" lon="75.3799650">
    <ele>611</ele>
   </trkpt>
   <trkpt lat="27.6298720" lon="75.3795300">
    <ele>612</ele>
   </trkpt>
   <trkpt lat="27.6298160" lon="75.3789420">
    <ele>607</ele>
   </trkpt>
   <trkpt lat="27.6297900" lon="75.3786680">
    <ele>606</ele>
   </trkpt>
   <trkpt lat="27.6297770" lon="75.3786340">
    <ele>606</ele>
   </trkpt>
   <trkpt lat="27.6297570" lon="75.3786240">
    <ele>606</ele>
   </trkpt>
   <trkpt lat="27.6297310" lon="75.3786230">
    <ele>606</ele>
   </trkpt>
   <trkpt lat="27.6296980" lon="75.3786410">
    <ele>599</ele>
   </trkpt>
   <trkpt lat="27.6296790" lon="75.3786650">
    <ele>599</ele>
   </trkpt>
   <trkpt lat="27.6296670" lon="75.3787090">
    <ele>599</ele>
   </trkpt>
   <trkpt lat="27.6296590" lon="75.3787660">
    <ele>599</ele>
   </trkpt>
   <trkpt lat="27.6296560" lon="75.3788320">
    <ele>599</ele>
   </trkpt>
   <trkpt lat="27.6296490" lon="75.3788910">
    <ele>599</ele>
   </trkpt>
   <trkpt lat="27.6296380" lon="75.3789420">
    <ele>599</ele>
   </trkpt>
   <trkpt lat="27.6295440" lon="75.3792560">
    <ele>594</ele>
   </trkpt>
   <trkpt lat="27.6295130" lon="75.3793230">
    <ele>595</ele>
   </trkpt>
   <trkpt lat="27.6294900" lon="75.3793640">
    <ele>595</ele>
   </trkpt>
   <trkpt lat="27.6294720" lon="75.3793820">
    <ele>595</ele>
   </trkpt>
   <trkpt lat="27.6294530" lon="75.3793910">
    <ele>595</ele>
   </trkpt>
   <trkpt lat="27.6294260" lon="75.3793890">
    <ele>595</ele>
   </trkpt>
   <trkpt lat="27.6293960" lon="75.3793650">
    <ele>590</ele>
   </trkpt>
   <trkpt lat="27.6293820" lon="75.3793190">
    <ele>590</ele>
   </trkpt>
   <trkpt lat="27.6293750" lon="75.3792400">
    <ele>589</ele>
   </trkpt>
   <trkpt lat="27.6293780" lon="75.3791580">
    <ele>589</ele>
   </trkpt>
   <trkpt lat="27.6293870" lon="75.3791010">
    <ele>589</ele>
   </trkpt>
   <trkpt lat="27.6294080" lon="75.3790380">
    <ele>593</ele>
   </trkpt>
   <trkpt lat="27.6294630" lon="75.3788930">
    <ele>593</ele>
   </trkpt>
   <trkpt lat="27.6294680" lon="75.3788480">
    <ele>593</ele>
   </trkpt>
   <trkpt lat="27.6294590" lon="75.3788170">
    <ele>593</ele>
   </trkpt>
   <trkpt lat="27.6294420" lon="75.3787950">
    <ele>593</ele>
   </trkpt>
   <trkpt lat="27.6294120" lon="75.3787810">
    <ele>593</ele>
   </trkpt>
   <trkpt lat="27.6293750" lon="75.3787820">
    <ele>588</ele>
   </trkpt>
   <trkpt lat="27.6293470" lon="75.3787940">
    <ele>588</ele>
   </trkpt>
   <trkpt lat="27.6291490" lon="75.3789240">
    <ele>584</ele>
   </trkpt>
   <trkpt lat="27.6291090" lon="75.3789369">
    <ele>584</ele>
   </trkpt>
   <trkpt lat="27.6290900" lon="75.3789380">
    <ele>580</ele>
   </trkpt>
   <trkpt lat="27.6290710" lon="75.3789340">
    <ele>580</ele>
   </trkpt>
   <trkpt lat="27.6290530" lon="75.3789150">
    <ele>580</ele>
   </trkpt>
   <trkpt lat="27.6290390" lon="75.3788880">
    <ele>580</ele>
   </trkpt>
   <trkpt lat="27.6290350" lon="75.3788620">
    <ele>580</ele>
   </trkpt>
   <trkpt lat="27.6290450" lon="75.3788340">
    <ele>580</ele>
   </trkpt>
   <trkpt lat="27.6290660" lon="75.3788060">
    <ele>580</ele>
   </trkpt>
   <trkpt lat="27.6292010" lon="75.3786990">
    <ele>584</ele>
   </trkpt>
   <trkpt lat="27.6292320" lon="75.3786700">
    <ele>584</ele>
   </trkpt>
   <trkpt lat="27.6292480" lon="75.3786390">
    <ele>588</ele>
   </trkpt>
   <trkpt lat="27.6292540" lon="75.3786040">
    <ele>588</ele>
   </trkpt>
   <trkpt lat="27.6292510" lon="75.3785590">
    <ele>589</ele>
   </trkpt>
   <trkpt lat="27.6292370" lon="75.3785240">
    <ele>585</ele>
   </trkpt>
   <trkpt lat="27.6292150" lon="75.3785020">
    <ele>585</ele>
   </trkpt>
   <trkpt lat="27.6291940" lon="75.3784970">
    <ele>585</ele>
   </trkpt>
   <trkpt lat="27.6291600" lon="75.3785070">
    <ele>585</ele>
   </trkpt>
   <trkpt lat="27.6291260" lon="75.3785320">
    <ele>585</ele>
   </trkpt>
   <trkpt lat="27.6290010" lon="75.3786460">
    <ele>580</ele>
   </trkpt>
   <trkpt lat="27.6289560" lon="75.3786669">
    <ele>580</ele>
   </trkpt>
   <trkpt lat="27.6289330" lon="75.3786750">
    <ele>576</ele>
   </trkpt>
   <trkpt lat="27.6289090" lon="75.3786730">
    <ele>576</ele>
   </trkpt>
   <trkpt lat="27.6288770" lon="75.3786540">
    <ele>576</ele>
   </trkpt>
   <trkpt lat="27.6288470" lon="75.3786140">
    <ele>576</ele>
   </trkpt>
   <trkpt lat="27.6287900" lon="75.3785040">
    <ele>577</ele>
   </trkpt>
   <trkpt lat="27.6286980" lon="75.3783100">
    <ele>574</ele>
   </trkpt>
   <trkpt lat="27.6284590" lon="75.3778040">
    <ele>567</ele>
   </trkpt>
   <trkpt lat="27.6283930" lon="75.3776710">
    <ele>567</ele>
   </trkpt>
   <trkpt lat="27.6283410" lon="75.3775650">
    <ele>567</ele>
   </trkpt>
   <trkpt lat="27.6282960" lon="75.3774830">
    <ele>563</ele>
   </trkpt>
   <trkpt lat="27.6282060" lon="75.3773210">
    <ele>564</ele>
   </trkpt>
   <trkpt lat="27.6281600" lon="75.3772350">
    <ele>561</ele>
   </trkpt>
   <trkpt lat="27.6281180" lon="75.3771320">
    <ele>562</ele>
   </trkpt>
   <trkpt lat="27.6279430" lon="75.3766349">
    <ele>561</ele>
   </trkpt>
   <trkpt lat="27.6276810" lon="75.3759410">
    <ele>557</ele>
   </trkpt>
   <trkpt lat="27.6276350" lon="75.3758200">
    <ele>556</ele>
   </trkpt>
   <trkpt lat="27.6273110" lon="75.3749969">
    <ele>552</ele>
   </trkpt>
   <trkpt lat="27.6270670" lon="75.3744040">
    <ele>551</ele>
   </trkpt>
   <trkpt lat="27.6269690" lon="75.3741630">
    <ele>552</ele>
   </trkpt>
   <trkpt lat="27.6269370" lon="75.3740960">
    <ele>552</ele>
   </trkpt>
   <trkpt lat="27.6269090" lon="75.3740450">
    <ele>552</ele>
   </trkpt>
   <trkpt lat="27.6268780" lon="75.3739960">
    <ele>552</ele>
   </trkpt>
   <trkpt lat="27.6268410" lon="75.3739490">
    <ele>552</ele>
   </trkpt>
   <trkpt lat="27.6267700" lon="75.3738580">
    <ele>552</ele>
   </trkpt>
   <trkpt lat="27.6265310" lon="75.3735720">
    <ele>555</ele>
   </trkpt>
   <trkpt lat="27.6263780" lon="75.3733660">
    <ele>555</ele>
   </trkpt>
   <trkpt lat="27.6263390" lon="75.3733080">
    <ele>553</ele>
   </trkpt>
   <trkpt lat="27.6263120" lon="75.3732590">
    <ele>553</ele>
   </trkpt>
   <trkpt lat="27.6262860" lon="75.3731959">
    <ele>554</ele>
   </trkpt>
   <trkpt lat="27.6261830" lon="75.3728790">
    <ele>554</ele>
   </trkpt>
   <trkpt lat="27.6259970" lon="75.3723080">
    <ele>552</ele>
   </trkpt>
   <trkpt lat="27.6259070" lon="75.3719629">
    <ele>550</ele>
   </trkpt>
   <trkpt lat="27.6258930" lon="75.3719040">
    <ele>549</ele>
   </trkpt>
   <trkpt lat="27.6258830" lon="75.3718460">
    <ele>548</ele>
   </trkpt>
   <trkpt lat="27.6258690" lon="75.3717620">
    <ele>548</ele>
   </trkpt>
   <trkpt lat="27.6258510" lon="75.3716309">
    <ele>548</ele>
   </trkpt>
   <trkpt lat="27.6258390" lon="75.3715420">
    <ele>548</ele>
   </trkpt>
   <trkpt lat="27.6258130" lon="75.3714450">
    <ele>550</ele>
   </trkpt>
   <trkpt lat="27.6257760" lon="75.3713650">
    <ele>550</ele>
   </trkpt>
   <trkpt lat="27.6257400" lon="75.3712870">
    <ele>549</ele>
   </trkpt>
   <trkpt lat="27.6257030" lon="75.3712170">
    <ele>549</ele>
   </trkpt>
   <trkpt lat="27.6255550" lon="75.3709820">
    <ele>551</ele>
   </trkpt>
   <trkpt lat="27.6255110" lon="75.3709110">
    <ele>551</ele>
   </trkpt>
   <trkpt lat="27.6254520" lon="75.3708240">
    <ele>556</ele>
   </trkpt>
   <trkpt lat="27.6254070" lon="75.3707500">
    <ele>551</ele>
   </trkpt>
   <trkpt lat="27.6252400" lon="75.3704319">
    <ele>554</ele>
   </trkpt>
   <trkpt lat="27.6252120" lon="75.3703700">
    <ele>554</ele>
   </trkpt>
   <trkpt lat="27.6251900" lon="75.3703120">
    <ele>556</ele>
   </trkpt>
   <trkpt lat="27.6251700" lon="75.3702480">
    <ele>556</ele>
   </trkpt>
   <trkpt lat="27.6248920" lon="75.3693050">
    <ele>555</ele>
   </trkpt>
   <trkpt lat="27.6248830" lon="75.3692300">
    <ele>553</ele>
   </trkpt>
   <trkpt lat="27.6248850" lon="75.3691570">
    <ele>553</ele>
   </trkpt>
   <trkpt lat="27.6248990" lon="75.3690770">
    <ele>550</ele>
   </trkpt>
   <trkpt lat="27.6249230" lon="75.3689920">
    <ele>550</ele>
   </trkpt>
   <trkpt lat="27.6249640" lon="75.3689080">
    <ele>548</ele>
   </trkpt>
   <trkpt lat="27.6251210" lon="75.3686980">
    <ele>547</ele>
   </trkpt>
   <trkpt lat="27.6251800" lon="75.3686070">
    <ele>548</ele>
   </trkpt>
   <trkpt lat="27.6252140" lon="75.3685409">
    <ele>548</ele>
   </trkpt>
   <trkpt lat="27.6252360" lon="75.3684860">
    <ele>548</ele>
   </trkpt>
   <trkpt lat="27.6252490" lon="75.3684190">
    <ele>547</ele>
   </trkpt>
   <trkpt lat="27.6252700" lon="75.3682790">
    <ele>547</ele>
   </trkpt>
   <trkpt lat="27.6252870" lon="75.3681510">
    <ele>547</ele>
   </trkpt>
   <trkpt lat="27.6253000" lon="75.3680170">
    <ele>551</ele>
   </trkpt>
   <trkpt lat="27.6253170" lon="75.3679580">
    <ele>551</ele>
   </trkpt>
   <trkpt lat="27.6253360" lon="75.3679020">
    <ele>552</ele>
   </trkpt>
   <trkpt lat="27.6254190" lon="75.3676690">
    <ele>552</ele>
   </trkpt>
   <trkpt lat="27.6254330" lon="75.3676230">
    <ele>552</ele>
   </trkpt>
   <trkpt lat="27.6254410" lon="75.3675800">
    <ele>553</ele>
   </trkpt>
   <trkpt lat="27.6254470" lon="75.3675200">
    <ele>555</ele>
   </trkpt>
   <trkpt lat="27.6254730" lon="75.3671610">
    <ele>554</ele>
   </trkpt>
   <trkpt lat="27.6254790" lon="75.3670960">
    <ele>554</ele>
   </trkpt>
   <trkpt lat="27.6254870" lon="75.3670180">
    <ele>554</ele>
   </trkpt>
   <trkpt lat="27.6255390" lon="75.3667940">
    <ele>554</ele>
   </trkpt>
   <trkpt lat="27.6256710" lon="75.3662260">
    <ele>549</ele>
   </trkpt>
   <trkpt lat="27.6256840" lon="75.3661690">
    <ele>549</ele>
   </trkpt>
   <trkpt lat="27.6256950" lon="75.3660680">
    <ele>549</ele>
   </trkpt>
   <trkpt lat="27.6256960" lon="75.3659560">
    <ele>548</ele>
   </trkpt>
   <trkpt lat="27.6256790" lon="75.3658350">
    <ele>550</ele>
   </trkpt>
   <trkpt lat="27.6256430" lon="75.3656940">
    <ele>553</ele>
   </trkpt>
   <trkpt lat="27.6255790" lon="75.3655069">
    <ele>555</ele>
   </trkpt>
   <trkpt lat="27.6255370" lon="75.3654180">
    <ele>555</ele>
   </trkpt>
   <trkpt lat="27.6255050" lon="75.3653500">
    <ele>560</ele>
   </trkpt>
   <trkpt lat="27.6254600" lon="75.3652750">
    <ele>560</ele>
   </trkpt>
   <trkpt lat="27.6254120" lon="75.3652250">
    <ele>556</ele>
   </trkpt>
   <trkpt lat="27.6253420" lon="75.3651690">
    <ele>560</ele>
   </trkpt>
   <trkpt lat="27.6251320" lon="75.3650280">
    <ele>551</ele>
   </trkpt>
   <trkpt lat="27.6250800" lon="75.3649779">
    <ele>553</ele>
   </trkpt>
   <trkpt lat="27.6250290" lon="75.3649200">
    <ele>553</ele>
   </trkpt>
   <trkpt lat="27.6249890" lon="75.3648670">
    <ele>553</ele>
   </trkpt>
   <trkpt lat="27.6249540" lon="75.3648089">
    <ele>549</ele>
   </trkpt>
   <trkpt lat="27.6249080" lon="75.3647230">
    <ele>549</ele>
   </trkpt>
   <trkpt lat="27.6248750" lon="75.3646560">
    <ele>550</ele>
   </trkpt>
   <trkpt lat="27.6248420" lon="75.3645729">
    <ele>550</ele>
   </trkpt>
   <trkpt lat="27.6248150" lon="75.3644970">
    <ele>545</ele>
   </trkpt>
   <trkpt lat="27.6247910" lon="75.3644190">
    <ele>545</ele>
   </trkpt>
   <trkpt lat="27.6247240" lon="75.3642090">
    <ele>545</ele>
   </trkpt>
   <trkpt lat="27.6245140" lon="75.3635910">
    <ele>541</ele>
   </trkpt>
   <trkpt lat="27.6244960" lon="75.3635220">
    <ele>541</ele>
   </trkpt>
   <trkpt lat="27.6244910" lon="75.3634530">
    <ele>542</ele>
   </trkpt>
   <trkpt lat="27.6244920" lon="75.3633650">
    <ele>542</ele>
   </trkpt>
   <trkpt lat="27.6244960" lon="75.3631970">
    <ele>543</ele>
   </trkpt>
   <trkpt lat="27.6244820" lon="75.3622450">
    <ele>543</ele>
   </trkpt>
   <trkpt lat="27.6244870" lon="75.3621510">
    <ele>543</ele>
   </trkpt>
   <trkpt lat="27.6244940" lon="75.3620460">
    <ele>543</ele>
   </trkpt>
   <trkpt lat="27.6245160" lon="75.3618360">
    <ele>543</ele>
   </trkpt>
   <trkpt lat="27.6245140" lon="75.3617520">
    <ele>543</ele>
   </trkpt>
   <trkpt lat="27.6244990" lon="75.3616690">
    <ele>546</ele>
   </trkpt>
   <trkpt lat="27.6244530" lon="75.3615300">
    <ele>550</ele>
   </trkpt>
   <trkpt lat="27.6243910" lon="75.3613980">
    <ele>553</ele>
   </trkpt>
   <trkpt lat="27.6242940" lon="75.3612060">
    <ele>550</ele>
   </trkpt>
   <trkpt lat="27.6242380" lon="75.3611080">
    <ele>550</ele>
   </trkpt>
   <trkpt lat="27.6241710" lon="75.3610130">
    <ele>546</ele>
   </trkpt>
   <trkpt lat="27.6240980" lon="75.3609240">
    <ele>546</ele>
   </trkpt>
   <trkpt lat="27.6240120" lon="75.3608340">
    <ele>546</ele>
   </trkpt>
   <trkpt lat="27.6239170" lon="75.3607430">
    <ele>543</ele>
   </trkpt>
   <trkpt lat="27.6237340" lon="75.3605510">
    <ele>542</ele>
   </trkpt>
   <trkpt lat="27.6237070" lon="75.3605110">
    <ele>544</ele>
   </trkpt>
   <trkpt lat="27.6236780" lon="75.3604610">
    <ele>544</ele>
   </trkpt>
   <trkpt lat="27.6235830" lon="75.3602410">
    <ele>542</ele>
   </trkpt>
   <trkpt lat="27.6235390" lon="75.3601380">
    <ele>542</ele>
   </trkpt>
   <trkpt lat="27.6232970" lon="75.3594970">
    <ele>533</ele>
   </trkpt>
   <trkpt lat="27.6231730" lon="75.3591700">
    <ele>532</ele>
   </trkpt>
   <trkpt lat="27.6231170" lon="75.3590350">
    <ele>530</ele>
   </trkpt>
   <trkpt lat="27.6230280" lon="75.3588810">
    <ele>529</ele>
   </trkpt>
   <trkpt lat="27.6229480" lon="75.3587809">
    <ele>528</ele>
   </trkpt>
   <trkpt lat="27.6228490" lon="75.3586970">
    <ele>527</ele>
   </trkpt>
   <trkpt lat="27.6223220" lon="75.3583850">
    <ele>526</ele>
   </trkpt>
   <trkpt lat="27.6221620" lon="75.3582760">
    <ele>524</ele>
   </trkpt>
   <trkpt lat="27.6220720" lon="75.3581619">
    <ele>522</ele>
   </trkpt>
   <trkpt lat="27.6220120" lon="75.3580620">
    <ele>522</ele>
   </trkpt>
   <trkpt lat="27.6219370" lon="75.3579180">
    <ele>521</ele>
   </trkpt>
   <trkpt lat="27.6218610" lon="75.3577800">
    <ele>522</ele>
   </trkpt>
   <trkpt lat="27.6217160" lon="75.3575470">
    <ele>523</ele>
   </trkpt>
   <trkpt lat="27.6216620" lon="75.3574730">
    <ele>523</ele>
   </trkpt>
   <trkpt lat="27.6215550" lon="75.3573270">
    <ele>524</ele>
   </trkpt>
   <trkpt lat="27.6214330" lon="75.3570470">
    <ele>526</ele>
   </trkpt>
   <trkpt lat="27.6214330" lon="75.3570470">
    <ele>526</ele>
   </trkpt>
   <trkpt lat="27.6213770" lon="75.3568780">
    <ele>528</ele>
   </trkpt>
   <trkpt lat="27.6213300" lon="75.3567280">
    <ele>526</ele>
   </trkpt>
   <trkpt lat="27.6212630" lon="75.3565600">
    <ele>527</ele>
   </trkpt>
   <trkpt lat="27.6211250" lon="75.3562830">
    <ele>526</ele>
   </trkpt>
   <trkpt lat="27.6209810" lon="75.3560000">
    <ele>526</ele>
   </trkpt>
   <trkpt lat="27.6208510" lon="75.3557710">
    <ele>527</ele>
   </trkpt>
   <trkpt lat="27.6202590" lon="75.3549670">
    <ele>522</ele>
   </trkpt>
   <trkpt lat="27.6201760" lon="75.3548250">
    <ele>522</ele>
   </trkpt>
   <trkpt lat="27.6201630" lon="75.3547640">
    <ele>522</ele>
   </trkpt>
   <trkpt lat="27.6201240" lon="75.3539980">
    <ele>518</ele>
   </trkpt>
   <trkpt lat="27.6201420" lon="75.3532400">
    <ele>521</ele>
   </trkpt>
   <trkpt lat="27.6201530" lon="75.3527310">
    <ele>523</ele>
   </trkpt>
   <trkpt lat="27.6201390" lon="75.3522740">
    <ele>523</ele>
   </trkpt>
   <trkpt lat="27.6200980" lon="75.3519800">
    <ele>523</ele>
   </trkpt>
   <trkpt lat="27.6200760" lon="75.3518790">
    <ele>523</ele>
   </trkpt>
   <trkpt lat="27.6200320" lon="75.3516870">
    <ele>524</ele>
   </trkpt>
   <trkpt lat="27.6199620" lon="75.3514370">
    <ele>525</ele>
   </trkpt>
   <trkpt lat="27.6199330" lon="75.3513490">
    <ele>525</ele>
   </trkpt>
   <trkpt lat="27.6198700" lon="75.3512350">
    <ele>527</ele>
   </trkpt>
   <trkpt lat="27.6197500" lon="75.3510290">
    <ele>527</ele>
   </trkpt>
   <trkpt lat="27.6193940" lon="75.3504370">
    <ele>531</ele>
   </trkpt>
   <trkpt lat="27.6191160" lon="75.3499620">
    <ele>533</ele>
   </trkpt>
   <trkpt lat="27.6188400" lon="75.3494820">
    <ele>535</ele>
   </trkpt>
   <trkpt lat="27.6187810" lon="75.3493310">
    <ele>537</ele>
   </trkpt>
   <trkpt lat="27.6187510" lon="75.3492390">
    <ele>537</ele>
   </trkpt>
   <trkpt lat="27.6187000" lon="75.3491500">
    <ele>536</ele>
   </trkpt>
   <trkpt lat="27.6185610" lon="75.3489500">
    <ele>533</ele>
   </trkpt>
   <trkpt lat="27.6184800" lon="75.3488069">
    <ele>533</ele>
   </trkpt>
   <trkpt lat="27.6184240" lon="75.3486810">
    <ele>529</ele>
   </trkpt>
   <trkpt lat="27.6183520" lon="75.3485090">
    <ele>530</ele>
   </trkpt>
   <trkpt lat="27.6182150" lon="75.3482250">
    <ele>528</ele>
   </trkpt>
   <trkpt lat="27.6181360" lon="75.3480320">
    <ele>526</ele>
   </trkpt>
   <trkpt lat="27.6180150" lon="75.3477430">
    <ele>528</ele>
   </trkpt>
   <trkpt lat="27.6178520" lon="75.3474190">
    <ele>527</ele>
   </trkpt>
   <trkpt lat="27.6177130" lon="75.3471770">
    <ele>524</ele>
   </trkpt>
   <trkpt lat="27.6174910" lon="75.3466430">
    <ele>524</ele>
   </trkpt>
   <trkpt lat="27.6172580" lon="75.3461080">
    <ele>531</ele>
   </trkpt>
   <trkpt lat="27.6172320" lon="75.3460020">
    <ele>531</ele>
   </trkpt>
   <trkpt lat="27.6171780" lon="75.3458740">
    <ele>530</ele>
   </trkpt>
   <trkpt lat="27.6171180" lon="75.3457350">
    <ele>532</ele>
   </trkpt>
   <trkpt lat="27.6170600" lon="75.3456520">
    <ele>528</ele>
   </trkpt>
   <trkpt lat="27.6167480" lon="75.3452700">
    <ele>525</ele>
   </trkpt>
   <trkpt lat="27.6165520" lon="75.3450170">
    <ele>523</ele>
   </trkpt>
   <trkpt lat="27.6164590" lon="75.3448780">
    <ele>523</ele>
   </trkpt>
   <trkpt lat="27.6163700" lon="75.3447300">
    <ele>524</ele>
   </trkpt>
   <trkpt lat="27.6162930" lon="75.3445969">
    <ele>522</ele>
   </trkpt>
   <trkpt lat="27.6161050" lon="75.3443560">
    <ele>523</ele>
   </trkpt>
   <trkpt lat="27.6159290" lon="75.3441460">
    <ele>522</ele>
   </trkpt>
   <trkpt lat="27.6155700" lon="75.3436790">
    <ele>523</ele>
   </trkpt>
   <trkpt lat="27.6154960" lon="75.3435460">
    <ele>521</ele>
   </trkpt>
   <trkpt lat="27.6154060" lon="75.3433470">
    <ele>522</ele>
   </trkpt>
   <trkpt lat="27.6153220" lon="75.3431669">
    <ele>519</ele>
   </trkpt>
   <trkpt lat="27.6152260" lon="75.3430020">
    <ele>517</ele>
   </trkpt>
   <trkpt lat="27.6151900" lon="75.3429330">
    <ele>517</ele>
   </trkpt>
   <trkpt lat="27.6151590" lon="75.3428680">
    <ele>517</ele>
   </trkpt>
   <trkpt lat="27.6151460" lon="75.3428010">
    <ele>517</ele>
   </trkpt>
   <trkpt lat="27.6151480" lon="75.3426790">
    <ele>518</ele>
   </trkpt>
   <trkpt lat="27.6151790" lon="75.3425190">
    <ele>517</ele>
   </trkpt>
   <trkpt lat="27.6152210" lon="75.3422250">
    <ele>517</ele>
   </trkpt>
   <trkpt lat="27.6152380" lon="75.3420970">
    <ele>516</ele>
   </trkpt>
   <trkpt lat="27.6152650" lon="75.3420100">
    <ele>521</ele>
   </trkpt>
   <trkpt lat="27.6153110" lon="75.3418510">
    <ele>521</ele>
   </trkpt>
   <trkpt lat="27.6153130" lon="75.3418020">
    <ele>522</ele>
   </trkpt>
   <trkpt lat="27.6153080" lon="75.3417640">
    <ele>522</ele>
   </trkpt>
   <trkpt lat="27.6152890" lon="75.3416890">
    <ele>522</ele>
   </trkpt>
   <trkpt lat="27.6152630" lon="75.3416400">
    <ele>523</ele>
   </trkpt>
   <trkpt lat="27.6152210" lon="75.3415710">
    <ele>519</ele>
   </trkpt>
   <trkpt lat="27.6150500" lon="75.3413090">
    <ele>519</ele>
   </trkpt>
   <trkpt lat="27.6148940" lon="75.3410730">
    <ele>518</ele>
   </trkpt>
   <trkpt lat="27.6148200" lon="75.3409549">
    <ele>518</ele>
   </trkpt>
   <trkpt lat="27.6147990" lon="75.3409210">
    <ele>518</ele>
   </trkpt>
   <trkpt lat="27.6147420" lon="75.3408120">
    <ele>516</ele>
   </trkpt>
   <trkpt lat="27.6146950" lon="75.3407030">
    <ele>516</ele>
   </trkpt>
   <trkpt lat="27.6146700" lon="75.3406020">
    <ele>516</ele>
   </trkpt>
   <trkpt lat="27.6146520" lon="75.3405400">
    <ele>516</ele>
   </trkpt>
   <trkpt lat="27.6146360" lon="75.3404640">
    <ele>515</ele>
   </trkpt>
   <trkpt lat="27.6146290" lon="75.3403850">
    <ele>515</ele>
   </trkpt>
   <trkpt lat="27.6146270" lon="75.3403150">
    <ele>515</ele>
   </trkpt>
   <trkpt lat="27.6146300" lon="75.3401310">
    <ele>514</ele>
   </trkpt>
   <trkpt lat="27.6146310" lon="75.3400880">
    <ele>513</ele>
   </trkpt>
   <trkpt lat="27.6146340" lon="75.3399990">
    <ele>513</ele>
   </trkpt>
   <trkpt lat="27.6146430" lon="75.3398629">
    <ele>513</ele>
   </trkpt>
   <trkpt lat="27.6146460" lon="75.3396800">
    <ele>516</ele>
   </trkpt>
   <trkpt lat="27.6146480" lon="75.3395850">
    <ele>519</ele>
   </trkpt>
   <trkpt lat="27.6146510" lon="75.3393860">
    <ele>522</ele>
   </trkpt>
   <trkpt lat="27.6146420" lon="75.3393220">
    <ele>518</ele>
   </trkpt>
   <trkpt lat="27.6146310" lon="75.3392880">
    <ele>518</ele>
   </trkpt>
   <trkpt lat="27.6144460" lon="75.3389560">
    <ele>520</ele>
   </trkpt>
   <trkpt lat="27.6144200" lon="75.3389070">
    <ele>524</ele>
   </trkpt>
   <trkpt lat="27.6142900" lon="75.3386670">
    <ele>523</ele>
   </trkpt>
   <trkpt lat="27.6142140" lon="75.3385210">
    <ele>526</ele>
   </trkpt>
   <trkpt lat="27.6141140" lon="75.3383520">
    <ele>524</ele>
   </trkpt>
   <trkpt lat="27.6140660" lon="75.3382990">
    <ele>524</ele>
   </trkpt>
   <trkpt lat="27.6138740" lon="75.3381519">
    <ele>517</ele>
   </trkpt>
   <trkpt lat="27.6138260" lon="75.3381150">
    <ele>517</ele>
   </trkpt>
   <trkpt lat="27.6137320" lon="75.3380570">
    <ele>519</ele>
   </trkpt>
   <trkpt lat="27.6136500" lon="75.3380260">
    <ele>514</ele>
   </trkpt>
   <trkpt lat="27.6135380" lon="75.3380140">
    <ele>511</ele>
   </trkpt>
   <trkpt lat="27.6131740" lon="75.3379690">
    <ele>507</ele>
   </trkpt>
   <trkpt lat="27.6131430" lon="75.3379650">
    <ele>507</ele>
   </trkpt>
   <trkpt lat="27.6128060" lon="75.3378989">
    <ele>504</ele>
   </trkpt>
   <trkpt lat="27.6127140" lon="75.3378730">
    <ele>504</ele>
   </trkpt>
   <trkpt lat="27.6126350" lon="75.3378440">
    <ele>504</ele>
   </trkpt>
   <trkpt lat="27.6125600" lon="75.3378120">
    <ele>504</ele>
   </trkpt>
   <trkpt lat="27.6124520" lon="75.3377520">
    <ele>505</ele>
   </trkpt>
   <trkpt lat="27.6122890" lon="75.3376640">
    <ele>504</ele>
   </trkpt>
   <trkpt lat="27.6121040" lon="75.3375800">
    <ele>503</ele>
   </trkpt>
   <trkpt lat="27.6118560" lon="75.3374820">
    <ele>502</ele>
   </trkpt>
   <trkpt lat="27.6118220" lon="75.3374610">
    <ele>502</ele>
   </trkpt>
   <trkpt lat="27.6117680" lon="75.3374270">
    <ele>502</ele>
   </trkpt>
   <trkpt lat="27.6117070" lon="75.3373600">
    <ele>502</ele>
   </trkpt>
   <trkpt lat="27.6116570" lon="75.3372909">
    <ele>502</ele>
   </trkpt>
   <trkpt lat="27.6116010" lon="75.3371930">
    <ele>504</ele>
   </trkpt>
   <trkpt lat="27.6114760" lon="75.3369740">
    <ele>505</ele>
   </trkpt>
   <trkpt lat="27.6113890" lon="75.3368140">
    <ele>507</ele>
   </trkpt>
   <trkpt lat="27.6113750" lon="75.3367880">
    <ele>507</ele>
   </trkpt>
   <trkpt lat="27.6112880" lon="75.3366549">
    <ele>507</ele>
   </trkpt>
   <trkpt lat="27.6107520" lon="75.3360850">
    <ele>503</ele>
   </trkpt>
   <trkpt lat="27.6107320" lon="75.3360639">
    <ele>503</ele>
   </trkpt>
   <trkpt lat="27.6106570" lon="75.3360050">
    <ele>503</ele>
   </trkpt>
   <trkpt lat="27.6105480" lon="75.3359350">
    <ele>503</ele>
   </trkpt>
   <trkpt lat="27.6104370" lon="75.3358800">
    <ele>504</ele>
   </trkpt>
   <trkpt lat="27.6103000" lon="75.3358510">
    <ele>505</ele>
   </trkpt>
   <trkpt lat="27.6102160" lon="75.3358530">
    <ele>507</ele>
   </trkpt>
   <trkpt lat="27.6100640" lon="75.3358750">
    <ele>509</ele>
   </trkpt>
   <trkpt lat="27.6099000" lon="75.3359220">
    <ele>511</ele>
   </trkpt>
   <trkpt lat="27.6096410" lon="75.3360040">
    <ele>512</ele>
   </trkpt>
   <trkpt lat="27.6096060" lon="75.3360180">
    <ele>514</ele>
   </trkpt>
   <trkpt lat="27.6095720" lon="75.3360250">
    <ele>514</ele>
   </trkpt>
   <trkpt lat="27.6095110" lon="75.3360330">
    <ele>514</ele>
   </trkpt>
   <trkpt lat="27.6094410" lon="75.3360320">
    <ele>515</ele>
   </trkpt>
   <trkpt lat="27.6094040" lon="75.3360280">
    <ele>515</ele>
   </trkpt>
   <trkpt lat="27.6093620" lon="75.3360189">
    <ele>515</ele>
   </trkpt>
   <trkpt lat="27.6093050" lon="75.3359980">
    <ele>516</ele>
   </trkpt>
   <trkpt lat="27.6091980" lon="75.3359310">
    <ele>516</ele>
   </trkpt>
   <trkpt lat="27.6090390" lon="75.3358270">
    <ele>515</ele>
   </trkpt>
   <trkpt lat="27.6088030" lon="75.3356630">
    <ele>514</ele>
   </trkpt>
   <trkpt lat="27.6084150" lon="75.3353870">
    <ele>508</ele>
   </trkpt>
   <trkpt lat="27.6082190" lon="75.3352500">
    <ele>504</ele>
   </trkpt>
   <trkpt lat="27.6081120" lon="75.3351940">
    <ele>504</ele>
   </trkpt>
   <trkpt lat="27.6079500" lon="75.3351290">
    <ele>505</ele>
   </trkpt>
   <trkpt lat="27.6077990" lon="75.3351010">
    <ele>505</ele>
   </trkpt>
   <trkpt lat="27.6075730" lon="75.3350700">
    <ele>505</ele>
   </trkpt>
   <trkpt lat="27.6074230" lon="75.3350650">
    <ele>506</ele>
   </trkpt>
   <trkpt lat="27.6073040" lon="75.3350730">
    <ele>506</ele>
   </trkpt>
   <trkpt lat="27.6072160" lon="75.3350930">
    <ele>506</ele>
   </trkpt>
   <trkpt lat="27.6070900" lon="75.3351370">
    <ele>505</ele>
   </trkpt>
   <trkpt lat="27.6069440" lon="75.3351880">
    <ele>504</ele>
   </trkpt>
   <trkpt lat="27.6066450" lon="75.3352830">
    <ele>502</ele>
   </trkpt>
   <trkpt lat="27.6065430" lon="75.3353050">
    <ele>500</ele>
   </trkpt>
   <trkpt lat="27.6063970" lon="75.3353230">
    <ele>498</ele>
   </trkpt>
   <trkpt lat="27.6062700" lon="75.3353209">
    <ele>497</ele>
   </trkpt>
   <trkpt lat="27.6061520" lon="75.3353120">
    <ele>497</ele>
   </trkpt>
   <trkpt lat="27.6060490" lon="75.3352830">
    <ele>497</ele>
   </trkpt>
   <trkpt lat="27.6059070" lon="75.3352290">
    <ele>497</ele>
   </trkpt>
   <trkpt lat="27.6057000" lon="75.3351390">
    <ele>498</ele>
   </trkpt>
   <trkpt lat="27.6054940" lon="75.3350410">
    <ele>498</ele>
   </trkpt>
   <trkpt lat="27.6051000" lon="75.3348710">
    <ele>497</ele>
   </trkpt>
   <trkpt lat="27.6046720" lon="75.3346940">
    <ele>497</ele>
   </trkpt>
   <trkpt lat="27.6042920" lon="75.3345290">
    <ele>496</ele>
   </trkpt>
   <trkpt lat="27.6039520" lon="75.3343919">
    <ele>496</ele>
   </trkpt>
   <trkpt lat="27.6036840" lon="75.3342770">
    <ele>496</ele>
   </trkpt>
   <trkpt lat="27.6034170" lon="75.3341790">
    <ele>496</ele>
   </trkpt>
   <trkpt lat="27.6032140" lon="75.3341080">
    <ele>496</ele>
   </trkpt>
   <trkpt lat="27.6030970" lon="75.3340680">
    <ele>496</ele>
   </trkpt>
   <trkpt lat="27.6029910" lon="75.3340300">
    <ele>496</ele>
   </trkpt>
   <trkpt lat="27.6028990" lon="75.3339810">
    <ele>495</ele>
   </trkpt>
   <trkpt lat="27.6027500" lon="75.3339060">
    <ele>496</ele>
   </trkpt>
   <trkpt lat="27.6025810" lon="75.3338060">
    <ele>495</ele>
   </trkpt>
   <trkpt lat="27.6024520" lon="75.3337240">
    <ele>496</ele>
   </trkpt>
   <trkpt lat="27.6022960" lon="75.3336270">
    <ele>495</ele>
   </trkpt>
   <trkpt lat="27.6022120" lon="75.3335710">
    <ele>496</ele>
   </trkpt>
   <trkpt lat="27.6021840" lon="75.3335520">
    <ele>496</ele>
   </trkpt>
   <trkpt lat="27.6011230" lon="75.3328100">
    <ele>491</ele>
   </trkpt>
   <trkpt lat="27.6007650" lon="75.3325760">
    <ele>493</ele>
   </trkpt>
   <trkpt lat="27.6004210" lon="75.3323470">
    <ele>494</ele>
   </trkpt>
   <trkpt lat="27.5997580" lon="75.3319000">
    <ele>492</ele>
   </trkpt>
   <trkpt lat="27.5995530" lon="75.3317469">
    <ele>491</ele>
   </trkpt>
   <trkpt lat="27.5994270" lon="75.3316420">
    <ele>491</ele>
   </trkpt>
   <trkpt lat="27.5993450" lon="75.3315710">
    <ele>491</ele>
   </trkpt>
   <trkpt lat="27.5992750" lon="75.3314940">
    <ele>492</ele>
   </trkpt>
   <trkpt lat="27.5991900" lon="75.3313950">
    <ele>492</ele>
   </trkpt>
   <trkpt lat="27.5990990" lon="75.3312760">
    <ele>492</ele>
   </trkpt>
   <trkpt lat="27.5990490" lon="75.3312090">
    <ele>492</ele>
   </trkpt>
   <trkpt lat="27.5990100" lon="75.3311520">
    <ele>492</ele>
   </trkpt>
   <trkpt lat="27.5989600" lon="75.3310760">
    <ele>492</ele>
   </trkpt>
   <trkpt lat="27.5989160" lon="75.3310010">
    <ele>492</ele>
   </trkpt>
   <trkpt lat="27.5988920" lon="75.3309529">
    <ele>492</ele>
   </trkpt>
   <trkpt lat="27.5988340" lon="75.3308150">
    <ele>492</ele>
   </trkpt>
   <trkpt lat="27.5987880" lon="75.3306810">
    <ele>491</ele>
   </trkpt>
   <trkpt lat="27.5987250" lon="75.3304930">
    <ele>492</ele>
   </trkpt>
   <trkpt lat="27.5986030" lon="75.3302170">
    <ele>492</ele>
   </trkpt>
   <trkpt lat="27.5984420" lon="75.3299720">
    <ele>492</ele>
   </trkpt>
   <trkpt lat="27.5983120" lon="75.3298040">
    <ele>492</ele>
   </trkpt>
   <trkpt lat="27.5981070" lon="75.3295820">
    <ele>491</ele>
   </trkpt>
   <trkpt lat="27.5979420" lon="75.3294180">
    <ele>489</ele>
   </trkpt>
   <trkpt lat="27.5977090" lon="75.3292390">
    <ele>488</ele>
   </trkpt>
   <trkpt lat="27.5973120" lon="75.3289760">
    <ele>487</ele>
   </trkpt>
   <trkpt lat="27.5968620" lon="75.3287120">
    <ele>487</ele>
   </trkpt>
   <trkpt lat="27.5963800" lon="75.3284390">
    <ele>485</ele>
   </trkpt>
   <trkpt lat="27.5960610" lon="75.3282390">
    <ele>484</ele>
   </trkpt>
   <trkpt lat="27.5956900" lon="75.3279910">
    <ele>485</ele>
   </trkpt>
   <trkpt lat="27.5955450" lon="75.3278500">
    <ele>487</ele>
   </trkpt>
   <trkpt lat="27.5954270" lon="75.3277200">
    <ele>491</ele>
   </trkpt>
   <trkpt lat="27.5953640" lon="75.3275980">
    <ele>491</ele>
   </trkpt>
   <trkpt lat="27.5952480" lon="75.3273619">
    <ele>492</ele>
   </trkpt>
   <trkpt lat="27.5951550" lon="75.3272150">
    <ele>492</ele>
   </trkpt>
   <trkpt lat="27.5951080" lon="75.3271600">
    <ele>492</ele>
   </trkpt>
   <trkpt lat="27.5950420" lon="75.3270840">
    <ele>492</ele>
   </trkpt>
   <trkpt lat="27.5949580" lon="75.3270000">
    <ele>492</ele>
   </trkpt>
   <trkpt lat="27.5946180" lon="75.3267180">
    <ele>488</ele>
   </trkpt>
   <trkpt lat="27.5945510" lon="75.3266600">
    <ele>489</ele>
   </trkpt>
   <trkpt lat="27.5944620" lon="75.3265810">
    <ele>489</ele>
   </trkpt>
   <trkpt lat="27.5943480" lon="75.3264650">
    <ele>488</ele>
   </trkpt>
   <trkpt lat="27.5942450" lon="75.3263480">
    <ele>488</ele>
   </trkpt>
   <trkpt lat="27.5939080" lon="75.3259950">
    <ele>488</ele>
   </trkpt>
   <trkpt lat="27.5937880" lon="75.3258660">
    <ele>487</ele>
   </trkpt>
   <trkpt lat="27.5936380" lon="75.3256950">
    <ele>486</ele>
   </trkpt>
   <trkpt lat="27.5935490" lon="75.3255930">
    <ele>486</ele>
   </trkpt>
   <trkpt lat="27.5932760" lon="75.3253170">
    <ele>487</ele>
   </trkpt>
   <trkpt lat="27.5927540" lon="75.3247750">
    <ele>485</ele>
   </trkpt>
   <trkpt lat="27.5926010" lon="75.3245920">
    <ele>485</ele>
   </trkpt>
   <trkpt lat="27.5924420" lon="75.3243930">
    <ele>486</ele>
   </trkpt>
   <trkpt lat="27.5920500" lon="75.3238180">
    <ele>488</ele>
   </trkpt>
   <trkpt lat="27.5919490" lon="75.3236760">
    <ele>489</ele>
   </trkpt>
   <trkpt lat="27.5919130" lon="75.3236170">
    <ele>488</ele>
   </trkpt>
   <trkpt lat="27.5918860" lon="75.3235790">
    <ele>488</ele>
   </trkpt>
   <trkpt lat="27.5917030" lon="75.3232079">
    <ele>489</ele>
   </trkpt>
   <trkpt lat="27.5916690" lon="75.3231390">
    <ele>492</ele>
   </trkpt>
   <trkpt lat="27.5916080" lon="75.3230260">
    <ele>490</ele>
   </trkpt>
   <trkpt lat="27.5914840" lon="75.3228810">
    <ele>491</ele>
   </trkpt>
   <trkpt lat="27.5913600" lon="75.3227670">
    <ele>490</ele>
   </trkpt>
   <trkpt lat="27.5912600" lon="75.3226900">
    <ele>490</ele>
   </trkpt>
   <trkpt lat="27.5910930" lon="75.3226050">
    <ele>488</ele>
   </trkpt>
   <trkpt lat="27.5908880" lon="75.3225260">
    <ele>489</ele>
   </trkpt>
   <trkpt lat="27.5908290" lon="75.3224950">
    <ele>489</ele>
   </trkpt>
   <trkpt lat="27.5902970" lon="75.3222190">
    <ele>488</ele>
   </trkpt>
   <trkpt lat="27.5900820" lon="75.3220400">
    <ele>487</ele>
   </trkpt>
   <trkpt lat="27.5899520" lon="75.3219180">
    <ele>487</ele>
   </trkpt>
   <trkpt lat="27.5897790" lon="75.3217050">
    <ele>487</ele>
   </trkpt>
   <trkpt lat="27.5895810" lon="75.3214850">
    <ele>488</ele>
   </trkpt>
   <trkpt lat="27.5894610" lon="75.3213740">
    <ele>490</ele>
   </trkpt>
   <trkpt lat="27.5893580" lon="75.3212980">
    <ele>491</ele>
   </trkpt>
   <trkpt lat="27.5892510" lon="75.3212290">
    <ele>489</ele>
   </trkpt>
   <trkpt lat="27.5891550" lon="75.3212010">
    <ele>489</ele>
   </trkpt>
   <trkpt lat="27.5885950" lon="75.3210830">
    <ele>490</ele>
   </trkpt>
   <trkpt lat="27.5884650" lon="75.3210370">
    <ele>486</ele>
   </trkpt>
   <trkpt lat="27.5883780" lon="75.3210040">
    <ele>486</ele>
   </trkpt>
   <trkpt lat="27.5882240" lon="75.3209350">
    <ele>487</ele>
   </trkpt>
   <trkpt lat="27.5880850" lon="75.3208560">
    <ele>486</ele>
   </trkpt>
   <trkpt lat="27.5880040" lon="75.3207870">
    <ele>487</ele>
   </trkpt>
   <trkpt lat="27.5879300" lon="75.3207180">
    <ele>486</ele>
   </trkpt>
   <trkpt lat="27.5878830" lon="75.3206590">
    <ele>486</ele>
   </trkpt>
   <trkpt lat="27.5878470" lon="75.3205960">
    <ele>487</ele>
   </trkpt>
   <trkpt lat="27.5875850" lon="75.3200720">
    <ele>486</ele>
   </trkpt>
   <trkpt lat="27.5875060" lon="75.3199090">
    <ele>484</ele>
   </trkpt>
   <trkpt lat="27.5874830" lon="75.3198570">
    <ele>483</ele>
   </trkpt>
   <trkpt lat="27.5873870" lon="75.3196460">
    <ele>483</ele>
   </trkpt>
   <trkpt lat="27.5871910" lon="75.3190890">
    <ele>484</ele>
   </trkpt>
   <trkpt lat="27.5871340" lon="75.3190080">
    <ele>484</ele>
   </trkpt>
   <trkpt lat="27.5868920" lon="75.3187550">
    <ele>487</ele>
   </trkpt>
   <trkpt lat="27.5864070" lon="75.3182850">
    <ele>492</ele>
   </trkpt>
   <trkpt lat="27.5863250" lon="75.3181810">
    <ele>494</ele>
   </trkpt>
   <trkpt lat="27.5862370" lon="75.3180690">
    <ele>494</ele>
   </trkpt>
   <trkpt lat="27.5861510" lon="75.3179770">
    <ele>495</ele>
   </trkpt>
   <trkpt lat="27.5860510" lon="75.3178820">
    <ele>495</ele>
   </trkpt>
   <trkpt lat="27.5859870" lon="75.3178430">
    <ele>494</ele>
   </trkpt>
   <trkpt lat="27.5859010" lon="75.3178030">
    <ele>494</ele>
   </trkpt>
   <trkpt lat="27.5856060" lon="75.3177210">
    <ele>491</ele>
   </trkpt>
   <trkpt lat="27.5852770" lon="75.3176390">
    <ele>490</ele>
   </trkpt>
   <trkpt lat="27.5849830" lon="75.3175560">
    <ele>488</ele>
   </trkpt>
   <trkpt lat="27.5847960" lon="75.3175100">
    <ele>487</ele>
   </trkpt>
   <trkpt lat="27.5845760" lon="75.3174430">
    <ele>484</ele>
   </trkpt>
   <trkpt lat="27.5842310" lon="75.3173460">
    <ele>484</ele>
   </trkpt>
   <trkpt lat="27.5840230" lon="75.3172920">
    <ele>486</ele>
   </trkpt>
   <trkpt lat="27.5839560" lon="75.3172750">
    <ele>484</ele>
   </trkpt>
   <trkpt lat="27.5838490" lon="75.3172620">
    <ele>485</ele>
   </trkpt>
   <trkpt lat="27.5837250" lon="75.3172640">
    <ele>486</ele>
   </trkpt>
   <trkpt lat="27.5835070" lon="75.3172720">
    <ele>487</ele>
   </trkpt>
   <trkpt lat="27.5834670" lon="75.3172730">
    <ele>487</ele>
   </trkpt>
   <trkpt lat="27.5833910" lon="75.3172670">
    <ele>486</ele>
   </trkpt>
   <trkpt lat="27.5833480" lon="75.3172580">
    <ele>486</ele>
   </trkpt>
   <trkpt lat="27.5833100" lon="75.3172450">
    <ele>486</ele>
   </trkpt>
   <trkpt lat="27.5832810" lon="75.3172280">
    <ele>486</ele>
   </trkpt>
   <trkpt lat="27.5832400" lon="75.3172020">
    <ele>486</ele>
   </trkpt>
   <trkpt lat="27.5831840" lon="75.3171610">
    <ele>486</ele>
   </trkpt>
   <trkpt lat="27.5831240" lon="75.3171080">
    <ele>487</ele>
   </trkpt>
   <trkpt lat="27.5832420" lon="75.3173610">
    <ele>486</ele>
   </trkpt>
   <trkpt lat="27.5832520" lon="75.3174350">
    <ele>486</ele>
   </trkpt>
   <trkpt lat="27.5832490" lon="75.3175930">
    <ele>487</ele>
   </trkpt>
   <trkpt lat="27.5832380" lon="75.3177390">
    <ele>487</ele>
   </trkpt>
   <trkpt lat="27.5832240" lon="75.3179020">
    <ele>488</ele>
   </trkpt>
   <trkpt lat="27.5832340" lon="75.3180890">
    <ele>488</ele>
   </trkpt>
   <trkpt lat="27.5832780" lon="75.3182190">
    <ele>488</ele>
   </trkpt>
   <trkpt lat="27.5832900" lon="75.3182530">
    <ele>488</ele>
   </trkpt>
   <trkpt lat="27.5833610" lon="75.3184510">
    <ele>491</ele>
   </trkpt>
   <trkpt lat="27.5834150" lon="75.3186460">
    <ele>490</ele>
   </trkpt>
   <trkpt lat="27.5835160" lon="75.3189220">
    <ele>491</ele>
   </trkpt>
   <trkpt lat="27.5836520" lon="75.3192310">
    <ele>492</ele>
   </trkpt>
   <trkpt lat="27.5837250" lon="75.3193700">
    <ele>489</ele>
   </trkpt>
   <trkpt lat="27.5838610" lon="75.3195240">
    <ele>490</ele>
   </trkpt>
   <trkpt lat="27.5840450" lon="75.3197000">
    <ele>491</ele>
   </trkpt>
   <trkpt lat="27.5843800" lon="75.3200500">
    <ele>489</ele>
   </trkpt>
   <trkpt lat="27.5846110" lon="75.3202940">
    <ele>488</ele>
   </trkpt>
   <trkpt lat="27.5847010" lon="75.3203950">
    <ele>489</ele>
   </trkpt>
   <trkpt lat="27.5847510" lon="75.3204850">
    <ele>489</ele>
   </trkpt>
   <trkpt lat="27.5848160" lon="75.3206350">
    <ele>487</ele>
   </trkpt>
   <trkpt lat="27.5848240" lon="75.3206720">
    <ele>487</ele>
   </trkpt>
   <trkpt lat="27.5849290" lon="75.3212000">
    <ele>487</ele>
   </trkpt>
   <trkpt lat="27.5849600" lon="75.3213590">
    <ele>486</ele>
   </trkpt>
   <trkpt lat="27.5850830" lon="75.3219809">
    <ele>484</ele>
   </trkpt>
   <trkpt lat="27.5851410" lon="75.3223180">
    <ele>485</ele>
   </trkpt>
   <trkpt lat="27.5851590" lon="75.3224570">
    <ele>485</ele>
   </trkpt>
   <trkpt lat="27.5851690" lon="75.3225500">
    <ele>485</ele>
   </trkpt>
   <trkpt lat="27.5851690" lon="75.3226880">
    <ele>486</ele>
   </trkpt>
   <trkpt lat="27.5851300" lon="75.3229000">
    <ele>486</ele>
   </trkpt>
   <trkpt lat="27.5851150" lon="75.3230050">
    <ele>487</ele>
   </trkpt>
   <trkpt lat="27.5851150" lon="75.3232980">
    <ele>488</ele>
   </trkpt>
   <trkpt lat="27.5851370" lon="75.3234610">
    <ele>492</ele>
   </trkpt>
   <trkpt lat="27.5851690" lon="75.3236960">
    <ele>492</ele>
   </trkpt>
   <trkpt lat="27.5851850" lon="75.3238070">
    <ele>492</ele>
   </trkpt>
   <trkpt lat="27.5852120" lon="75.3239440">
    <ele>491</ele>
   </trkpt>
   <trkpt lat="27.5852810" lon="75.3241620">
    <ele>487</ele>
   </trkpt>
   <trkpt lat="27.5853190" lon="75.3242450">
    <ele>491</ele>
   </trkpt>
   <trkpt lat="27.5853830" lon="75.3243690">
    <ele>489</ele>
   </trkpt>
   <trkpt lat="27.5854510" lon="75.3244680">
    <ele>492</ele>
   </trkpt>
   <trkpt lat="27.5854900" lon="75.3245160">
    <ele>488</ele>
   </trkpt>
   <trkpt lat="27.5855820" lon="75.3246170">
    <ele>488</ele>
   </trkpt>
   <trkpt lat="27.5856330" lon="75.3246690">
    <ele>487</ele>
   </trkpt>
   <trkpt lat="27.5857030" lon="75.3247100">
    <ele>487</ele>
   </trkpt>
   <trkpt lat="27.5857570" lon="75.3247340">
    <ele>488</ele>
   </trkpt>
   <trkpt lat="27.5858280" lon="75.3247600">
    <ele>488</ele>
   </trkpt>
   <trkpt lat="27.5858750" lon="75.3247770">
    <ele>488</ele>
   </trkpt>
   <trkpt lat="27.5859530" lon="75.3248060">
    <ele>489</ele>
   </trkpt>
   <trkpt lat="27.5860300" lon="75.3248250">
    <ele>489</ele>
   </trkpt>
   <trkpt lat="27.5861700" lon="75.3248410">
    <ele>486</ele>
   </trkpt>
   <trkpt lat="27.5862510" lon="75.3248330">
    <ele>487</ele>
   </trkpt>
   <trkpt lat="27.5863670" lon="75.3248160">
    <ele>485</ele>
   </trkpt>
   <trkpt lat="27.5864950" lon="75.3247970">
    <ele>485</ele>
   </trkpt>
   <trkpt lat="27.5867210" lon="75.3247810">
    <ele>484</ele>
   </trkpt>
   <trkpt lat="27.5868180" lon="75.3247810">
    <ele>485</ele>
   </trkpt>
   <trkpt lat="27.5868810" lon="75.3247729">
    <ele>485</ele>
   </trkpt>
   <trkpt lat="27.5869670" lon="75.3247510">
    <ele>486</ele>
   </trkpt>
   <trkpt lat="27.5871240" lon="75.3247120">
    <ele>487</ele>
   </trkpt>
   <trkpt lat="27.5873780" lon="75.3246610">
    <ele>488</ele>
   </trkpt>
   <trkpt lat="27.5874540" lon="75.3246530">
    <ele>488</ele>
   </trkpt>
   <trkpt lat="27.5875060" lon="75.3246510">
    <ele>488</ele>
   </trkpt>
   <trkpt lat="27.5876200" lon="75.3246750">
    <ele>490</ele>
   </trkpt>
   <trkpt lat="27.5877100" lon="75.3247160">
    <ele>490</ele>
   </trkpt>
   <trkpt lat="27.5877980" lon="75.3247810">
    <ele>491</ele>
   </trkpt>
   <trkpt lat="27.5879860" lon="75.3249270">
    <ele>490</ele>
   </trkpt>
   <trkpt lat="27.5882600" lon="75.3251470">
    <ele>487</ele>
   </trkpt>
   <trkpt lat="27.5884070" lon="75.3252620">
    <ele>486</ele>
   </trkpt>
   <trkpt lat="27.5884600" lon="75.3253080">
    <ele>486</ele>
   </trkpt>
   <trkpt lat="27.5885120" lon="75.3253720">
    <ele>486</ele>
   </trkpt>
   <trkpt lat="27.5885570" lon="75.3254450">
    <ele>486</ele>
   </trkpt>
   <trkpt lat="27.5886070" lon="75.3255460">
    <ele>486</ele>
   </trkpt>
   <trkpt lat="27.5887760" lon="75.3257910">
    <ele>489</ele>
   </trkpt>
   <trkpt lat="27.5889540" lon="75.3260210">
    <ele>495</ele>
   </trkpt>
   <trkpt lat="27.5891800" lon="75.3263780">
    <ele>497</ele>
   </trkpt>
   <trkpt lat="27.5893180" lon="75.3266460">
    <ele>493</ele>
   </trkpt>
   <trkpt lat="27.5893720" lon="75.3267800">
    <ele>489</ele>
   </trkpt>
   <trkpt lat="27.5894140" lon="75.3269059">
    <ele>489</ele>
   </trkpt>
   <trkpt lat="27.5894650" lon="75.3270990">
    <ele>488</ele>
   </trkpt>
   <trkpt lat="27.5895330" lon="75.3272600">
    <ele>488</ele>
   </trkpt>
   <trkpt lat="27.5895980" lon="75.3274090">
    <ele>491</ele>
   </trkpt>
   <trkpt lat="27.5897300" lon="75.3276610">
    <ele>492</ele>
   </trkpt>
   <trkpt lat="27.5897910" lon="75.3277750">
    <ele>490</ele>
   </trkpt>
   <trkpt lat="27.5898400" lon="75.3278200">
    <ele>490</ele>
   </trkpt>
   <trkpt lat="27.5899210" lon="75.3278870">
    <ele>492</ele>
   </trkpt>
   <trkpt lat="27.5899350" lon="75.3279220">
    <ele>492</ele>
   </trkpt>
   <trkpt lat="27.5899430" lon="75.3279720">
    <ele>490</ele>
   </trkpt>
   <trkpt lat="27.5899460" lon="75.3281210">
    <ele>488</ele>
   </trkpt>
   <trkpt lat="27.5899460" lon="75.3284220">
    <ele>487</ele>
   </trkpt>
   <trkpt lat="27.5899310" lon="75.3285380">
    <ele>486</ele>
   </trkpt>
   <trkpt lat="27.5899190" lon="75.3285670">
    <ele>486</ele>
   </trkpt>
   <trkpt lat="27.5898820" lon="75.3285830">
    <ele>486</ele>
   </trkpt>
   <trkpt lat="27.5898010" lon="75.3286020">
    <ele>486</ele>
   </trkpt>
   <trkpt lat="27.5898010" lon="75.3286020">
    <ele>486</ele>
   </trkpt>
   <trkpt lat="27.5898230" lon="75.3286280">
    <ele>485</ele>
   </trkpt>
   <trkpt lat="27.5898410" lon="75.3286710">
    <ele>485</ele>
   </trkpt>
   <trkpt lat="27.5898510" lon="75.3287299">
    <ele>486</ele>
   </trkpt>
   <trkpt lat="27.5898510" lon="75.3288450">
    <ele>486</ele>
   </trkpt>
   <trkpt lat="27.5898520" lon="75.3291179">
    <ele>486</ele>
   </trkpt>
   <trkpt lat="27.5898630" lon="75.3291700">
    <ele>486</ele>
   </trkpt>
   <trkpt lat="27.5898790" lon="75.3292120">
    <ele>486</ele>
   </trkpt>
   <trkpt lat="27.5900690" lon="75.3294279">
    <ele>487</ele>
   </trkpt>
   <trkpt lat="27.5900790" lon="75.3294750">
    <ele>487</ele>
   </trkpt>
   <trkpt lat="27.5900780" lon="75.3295170">
    <ele>487</ele>
   </trkpt>
   <trkpt lat="27.5899670" lon="75.3299130">
    <ele>486</ele>
   </trkpt>
   <trkpt lat="27.5898930" lon="75.3301660">
    <ele>485</ele>
   </trkpt>
   <trkpt lat="27.5898760" lon="75.3302220">
    <ele>485</ele>
   </trkpt>
   <trkpt lat="27.5898400" lon="75.3303650">
    <ele>485</ele>
   </trkpt>
   <trkpt lat="27.5898400" lon="75.3304239">
    <ele>485</ele>
   </trkpt>
   <trkpt lat="27.5898550" lon="75.3304630">
    <ele>485</ele>
   </trkpt>
   <trkpt lat="27.5898790" lon="75.3304900">
    <ele>485</ele>
   </trkpt>
   <trkpt lat="27.5899090" lon="75.3305060">
    <ele>485</ele>
   </trkpt>
   <trkpt lat="27.5900060" lon="75.3305309">
    <ele>486</ele>
   </trkpt>
   <trkpt lat="27.5901780" lon="75.3305630">
    <ele>486</ele>
   </trkpt>
   <trkpt lat="27.5903060" lon="75.3305880">
    <ele>486</ele>
   </trkpt>
   <trkpt lat="27.5905870" lon="75.3306190">
    <ele>487</ele>
   </trkpt>
   <trkpt lat="27.5906080" lon="75.3306250">
    <ele>487</ele>
   </trkpt>
   <trkpt lat="27.5906250" lon="75.3306350">
    <ele>487</ele>
   </trkpt>
   <trkpt lat="27.5906370" lon="75.3306489">
    <ele>487</ele>
   </trkpt>
   <trkpt lat="27.5906410" lon="75.3306640">
    <ele>487</ele>
   </trkpt>
   <trkpt lat="27.5906410" lon="75.3306970">
    <ele>487</ele>
   </trkpt>
   <trkpt lat="27.5906290" lon="75.3308100">
    <ele>487</ele>
   </trkpt>
   <trkpt lat="27.5906230" lon="75.3308799">
    <ele>488</ele>
   </trkpt>
   <trkpt lat="27.5906280" lon="75.3309270">
    <ele>488</ele>
   </trkpt>
   <trkpt lat="27.5906390" lon="75.3309589">
    <ele>488</ele>
   </trkpt>
   <trkpt lat="27.5906630" lon="75.3310030">
    <ele>488</ele>
   </trkpt>
   <trkpt lat="27.5906840" lon="75.3310290">
    <ele>488</ele>
   </trkpt>
   <trkpt lat="27.5907190" lon="75.3310599">
    <ele>488</ele>
   </trkpt>
   <trkpt lat="27.5908130" lon="75.3311049">
    <ele>488</ele>
   </trkpt>
   <trkpt lat="27.5908970" lon="75.3311510">
    <ele>488</ele>
   </trkpt>
   <trkpt lat="27.5909610" lon="75.3311839">
    <ele>489</ele>
   </trkpt>
   <trkpt lat="27.5910580" lon="75.3312480">
    <ele>489</ele>
   </trkpt>
   <trkpt lat="27.5911210" lon="75.3313150">
    <ele>489</ele>
   </trkpt>
   <trkpt lat="27.5911850" lon="75.3314230">
    <ele>489</ele>
   </trkpt>
   <trkpt lat="27.5912080" lon="75.3315100">
    <ele>489</ele>
   </trkpt>
   <trkpt lat="27.5912180" lon="75.3315900">
    <ele>490</ele>
   </trkpt>
   <trkpt lat="27.5911850" lon="75.3317129">
    <ele>489</ele>
   </trkpt>
   <trkpt lat="27.5911530" lon="75.3318260">
    <ele>489</ele>
   </trkpt>
   <trkpt lat="27.5910850" lon="75.3320750">
    <ele>490</ele>
   </trkpt>
   <trkpt lat="27.5909880" lon="75.3326079">
    <ele>490</ele>
   </trkpt>
   <trkpt lat="27.5908170" lon="75.3338690">
    <ele>491</ele>
   </trkpt>
   <trkpt lat="27.5906720" lon="75.3348360">
    <ele>491</ele>
   </trkpt>
   <trkpt lat="27.5906160" lon="75.3352190">
    <ele>490</ele>
   </trkpt>
   <trkpt lat="27.5905740" lon="75.3354270">
    <ele>490</ele>
   </trkpt>
   <trkpt lat="27.5905530" lon="75.3355750">
    <ele>490</ele>
   </trkpt>
   <trkpt lat="27.5905400" lon="75.3356910">
    <ele>490</ele>
   </trkpt>
   <trkpt lat="27.5905280" lon="75.3358300">
    <ele>490</ele>
   </trkpt>
   <trkpt lat="27.5905200" lon="75.3361539">
    <ele>491</ele>
   </trkpt>
   <trkpt lat="27.5905100" lon="75.3364810">
    <ele>492</ele>
   </trkpt>
   <trkpt lat="27.5904330" lon="75.3396600">
    <ele>488</ele>
   </trkpt>
   <trkpt lat="27.5904330" lon="75.3409280">
    <ele>489</ele>
   </trkpt>
   <trkpt lat="27.5904040" lon="75.3417830">
    <ele>492</ele>
   </trkpt>
   <trkpt lat="27.5904030" lon="75.3429040">
    <ele>493</ele>
   </trkpt>
   <trkpt lat="27.5903930" lon="75.3438790">
    <ele>493</ele>
   </trkpt>
   <trkpt lat="27.5903950" lon="75.3447300">
    <ele>497</ele>
   </trkpt>
   <trkpt lat="27.5903720" lon="75.3459960">
    <ele>499</ele>
   </trkpt>
   <trkpt lat="27.5903760" lon="75.3468740">
    <ele>494</ele>
   </trkpt>
   <trkpt lat="27.5903660" lon="75.3473590">
    <ele>496</ele>
   </trkpt>
   <trkpt lat="27.5903480" lon="75.3479560">
    <ele>500</ele>
   </trkpt>
   <trkpt lat="27.5903460" lon="75.3485400">
    <ele>498</ele>
   </trkpt>
   <trkpt lat="27.5903360" lon="75.3488490">
    <ele>498</ele>
   </trkpt>
   <trkpt lat="27.5903120" lon="75.3490620">
    <ele>497</ele>
   </trkpt>
   <trkpt lat="27.5902650" lon="75.3492500">
    <ele>497</ele>
   </trkpt>
   <trkpt lat="27.5901550" lon="75.3495320">
    <ele>497</ele>
   </trkpt>
   <trkpt lat="27.5900620" lon="75.3497900">
    <ele>498</ele>
   </trkpt>
   <trkpt lat="27.5899410" lon="75.3501400">
    <ele>497</ele>
   </trkpt>
   <trkpt lat="27.5897810" lon="75.3506480">
    <ele>496</ele>
   </trkpt>
   <trkpt lat="27.5896010" lon="75.3511640">
    <ele>496</ele>
   </trkpt>
   <trkpt lat="27.5894620" lon="75.3515750">
    <ele>496</ele>
   </trkpt>
   <trkpt lat="27.5893710" lon="75.3518519">
    <ele>495</ele>
   </trkpt>
   <trkpt lat="27.5893220" lon="75.3519970">
    <ele>494</ele>
   </trkpt>
   <trkpt lat="27.5892920" lon="75.3521030">
    <ele>494</ele>
   </trkpt>
   <trkpt lat="27.5892760" lon="75.3521920">
    <ele>493</ele>
   </trkpt>
   <trkpt lat="27.5892580" lon="75.3523490">
    <ele>493</ele>
   </trkpt>
   <trkpt lat="27.5892550" lon="75.3524380">
    <ele>493</ele>
   </trkpt>
   <trkpt lat="27.5892620" lon="75.3525340">
    <ele>493</ele>
   </trkpt>
   <trkpt lat="27.5892800" lon="75.3526790">
    <ele>493</ele>
   </trkpt>
   <trkpt lat="27.5893070" lon="75.3528210">
    <ele>493</ele>
   </trkpt>
   <trkpt lat="27.5893490" lon="75.3530830">
    <ele>493</ele>
   </trkpt>
   <trkpt lat="27.5893650" lon="75.3532400">
    <ele>493</ele>
   </trkpt>
   <trkpt lat="27.5893820" lon="75.3533470">
    <ele>493</ele>
   </trkpt>
   <trkpt lat="27.5894030" lon="75.3534470">
    <ele>494</ele>
   </trkpt>
   <trkpt lat="27.5894470" lon="75.3535730">
    <ele>493</ele>
   </trkpt>
   <trkpt lat="27.5895390" lon="75.3537860">
    <ele>493</ele>
   </trkpt>
   <trkpt lat="27.5898250" lon="75.3543090">
    <ele>497</ele>
   </trkpt>
   <trkpt lat="27.5898780" lon="75.3544310">
    <ele>501</ele>
   </trkpt>
   <trkpt lat="27.5899160" lon="75.3545630">
    <ele>501</ele>
   </trkpt>
   <trkpt lat="27.5899360" lon="75.3546990">
    <ele>501</ele>
   </trkpt>
   <trkpt lat="27.5899530" lon="75.3549230">
    <ele>499</ele>
   </trkpt>
   <trkpt lat="27.5899540" lon="75.3551210">
    <ele>498</ele>
   </trkpt>
   <trkpt lat="27.5899560" lon="75.3552450">
    <ele>497</ele>
   </trkpt>
   <trkpt lat="27.5899610" lon="75.3555280">
    <ele>496</ele>
   </trkpt>
   <trkpt lat="27.5899550" lon="75.3557900">
    <ele>495</ele>
   </trkpt>
   <trkpt lat="27.5899560" lon="75.3559720">
    <ele>495</ele>
   </trkpt>
   <trkpt lat="27.5899530" lon="75.3561890">
    <ele>495</ele>
   </trkpt>
   <trkpt lat="27.5899570" lon="75.3563820">
    <ele>494</ele>
   </trkpt>
   <trkpt lat="27.5899910" lon="75.3567920">
    <ele>493</ele>
   </trkpt>
   <trkpt lat="27.5900000" lon="75.3569670">
    <ele>492</ele>
   </trkpt>
   <trkpt lat="27.5900190" lon="75.3571210">
    <ele>491</ele>
   </trkpt>
   <trkpt lat="27.5900230" lon="75.3572900">
    <ele>490</ele>
   </trkpt>
   <trkpt lat="27.5899970" lon="75.3574919">
    <ele>490</ele>
   </trkpt>
   <trkpt lat="27.5899730" lon="75.3575470">
    <ele>490</ele>
   </trkpt>
   <trkpt lat="27.5899140" lon="75.3576010">
    <ele>490</ele>
   </trkpt>
   <trkpt lat="27.5898600" lon="75.3576240">
    <ele>490</ele>
   </trkpt>
   <trkpt lat="27.5897610" lon="75.3576360">
    <ele>490</ele>
   </trkpt>
   <trkpt lat="27.5894460" lon="75.3576380">
    <ele>490</ele>
   </trkpt>
   <trkpt lat="27.5894530" lon="75.3581060">
    <ele>491</ele>
   </trkpt>
   <trkpt lat="27.5894580" lon="75.3584939">
    <ele>489</ele>
   </trkpt>
   <trkpt lat="27.5893710" lon="75.3584850">
    <ele>489</ele>
   </trkpt>
   <trkpt lat="27.5889830" lon="75.3584190">
    <ele>490</ele>
   </trkpt>
   <trkpt lat="27.5889900" lon="75.3584690">
    <ele>490</ele>
   </trkpt>
   <trkpt lat="27.5889920" lon="75.3585219">
    <ele>490</ele>
   </trkpt>
   <trkpt lat="27.5889860" lon="75.3586180">
    <ele>490</ele>
   </trkpt>
   <trkpt lat="27.5889750" lon="75.3587079">
    <ele>490</ele>
   </trkpt>
   <trkpt lat="27.5889520" lon="75.3587800">
    <ele>490</ele>
   </trkpt>
   <trkpt lat="27.5889000" lon="75.3589000">
    <ele>491</ele>
   </trkpt>
   <trkpt lat="27.5888670" lon="75.3590000">
    <ele>491</ele>
   </trkpt>
   <trkpt lat="27.5888420" lon="75.3591200">
    <ele>491</ele>
   </trkpt>
   <trkpt lat="27.5888240" lon="75.3592170">
    <ele>492</ele>
   </trkpt>
   <trkpt lat="27.5888170" lon="75.3593120">
    <ele>492</ele>
   </trkpt>
   <trkpt lat="27.5888110" lon="75.3593829">
    <ele>493</ele>
   </trkpt>
   <trkpt lat="27.5888090" lon="75.3597379">
    <ele>494</ele>
   </trkpt>
   <trkpt lat="27.5887970" lon="75.3597900">
    <ele>494</ele>
   </trkpt>
   <trkpt lat="27.5887780" lon="75.3598330">
    <ele>493</ele>
   </trkpt>
   <trkpt lat="27.5886500" lon="75.3601709">
    <ele>495</ele>
   </trkpt>
   <trkpt lat="27.5886110" lon="75.3603050">
    <ele>496</ele>
   </trkpt>
   <trkpt lat="27.5886030" lon="75.3604070">
    <ele>497</ele>
   </trkpt>
   <trkpt lat="27.5886000" lon="75.3605660">
    <ele>498</ele>
   </trkpt>
   <trkpt lat="27.5885920" lon="75.3607150">
    <ele>498</ele>
   </trkpt>
   <trkpt lat="27.5885730" lon="75.3608330">
    <ele>500</ele>
   </trkpt>
   <trkpt lat="27.5885310" lon="75.3609770">
    <ele>501</ele>
   </trkpt>
   <trkpt lat="27.5884740" lon="75.3611860">
    <ele>499</ele>
   </trkpt>
   <trkpt lat="27.5883850" lon="75.3615600">
    <ele>503</ele>
   </trkpt>
   <trkpt lat="27.5883310" lon="75.3619260">
    <ele>509</ele>
   </trkpt>
   <trkpt lat="27.5883120" lon="75.3620940">
    <ele>506</ele>
   </trkpt>
   <trkpt lat="27.5882990" lon="75.3622490">
    <ele>506</ele>
   </trkpt>
   <trkpt lat="27.5882850" lon="75.3623620">
    <ele>505</ele>
   </trkpt>
   <trkpt lat="27.5882650" lon="75.3624950">
    <ele>504</ele>
   </trkpt>
   <trkpt lat="27.5882360" lon="75.3626500">
    <ele>502</ele>
   </trkpt>
   <trkpt lat="27.5882210" lon="75.3628350">
    <ele>501</ele>
   </trkpt>
   <trkpt lat="27.5882080" lon="75.3631990">
    <ele>502</ele>
   </trkpt>
   <trkpt lat="27.5882080" lon="75.3635680">
    <ele>503</ele>
   </trkpt>
   <trkpt lat="27.5882150" lon="75.3638870">
    <ele>502</ele>
   </trkpt>
   <trkpt lat="27.5882350" lon="75.3642270">
    <ele>501</ele>
   </trkpt>
   <trkpt lat="27.5882850" lon="75.3645720">
    <ele>500</ele>
   </trkpt>
   <trkpt lat="27.5883560" lon="75.3649180">
    <ele>502</ele>
   </trkpt>
   <trkpt lat="27.5884310" lon="75.3651930">
    <ele>500</ele>
   </trkpt>
   <trkpt lat="27.5885100" lon="75.3653790">
    <ele>502</ele>
   </trkpt>
   <trkpt lat="27.5886340" lon="75.3655900">
    <ele>504</ele>
   </trkpt>
   <trkpt lat="27.5888730" lon="75.3658720">
    <ele>503</ele>
   </trkpt>
   <trkpt lat="27.5891670" lon="75.3661530">
    <ele>507</ele>
   </trkpt>
   <trkpt lat="27.5894090" lon="75.3663950">
    <ele>507</ele>
   </trkpt>
   <trkpt lat="27.5894840" lon="75.3664670">
    <ele>507</ele>
   </trkpt>
   <trkpt lat="27.5895700" lon="75.3665220">
    <ele>509</ele>
   </trkpt>
   <trkpt lat="27.5896830" lon="75.3665720">
    <ele>505</ele>
   </trkpt>
   <trkpt lat="27.5898490" lon="75.3666250">
    <ele>506</ele>
   </trkpt>
   <trkpt lat="27.5905080" lon="75.3668140">
    <ele>502</ele>
   </trkpt>
   <trkpt lat="27.5912050" lon="75.3669970">
    <ele>501</ele>
   </trkpt>
   <trkpt lat="27.5918120" lon="75.3671560">
    <ele>503</ele>
   </trkpt>
   <trkpt lat="27.5921270" lon="75.3672380">
    <ele>501</ele>
   </trkpt>
   <trkpt lat="27.5922450" lon="75.3672700">
    <ele>501</ele>
   </trkpt>
   <trkpt lat="27.5923670" lon="75.3673050">
    <ele>501</ele>
   </trkpt>
   <trkpt lat="27.5924900" lon="75.3673630">
    <ele>501</ele>
   </trkpt>
   <trkpt lat="27.5926080" lon="75.3674380">
    <ele>501</ele>
   </trkpt>
   <trkpt lat="27.5928960" lon="75.3676900">
    <ele>500</ele>
   </trkpt>
   <trkpt lat="27.5932530" lon="75.3680370">
    <ele>501</ele>
   </trkpt>
   <trkpt lat="27.5933270" lon="75.3681129">
    <ele>502</ele>
   </trkpt>
   <trkpt lat="27.5933880" lon="75.3681960">
    <ele>502</ele>
   </trkpt>
   <trkpt lat="27.5934250" lon="75.3682920">
    <ele>504</ele>
   </trkpt>
   <trkpt lat="27.5934470" lon="75.3684280">
    <ele>504</ele>
   </trkpt>
   <trkpt lat="27.5936700" lon="75.3715129">
    <ele>510</ele>
   </trkpt>
   <trkpt lat="27.5938830" lon="75.3733670">
    <ele>512</ele>
   </trkpt>
   <trkpt lat="27.5939490" lon="75.3740490">
    <ele>508</ele>
   </trkpt>
   <trkpt lat="27.5941910" lon="75.3761650">
    <ele>512</ele>
   </trkpt>
   <trkpt lat="27.5941870" lon="75.3763440">
    <ele>511</ele>
   </trkpt>
   <trkpt lat="27.5941630" lon="75.3764870">
    <ele>511</ele>
   </trkpt>
   <trkpt lat="27.5941260" lon="75.3766690">
    <ele>510</ele>
   </trkpt>
   <trkpt lat="27.5936620" lon="75.3784920">
    <ele>510</ele>
   </trkpt>
   <trkpt lat="27.5936020" lon="75.3787300">
    <ele>510</ele>
   </trkpt>
   <trkpt lat="27.5935200" lon="75.3790960">
    <ele>513</ele>
   </trkpt>
   <trkpt lat="27.5934490" lon="75.3794770">
    <ele>510</ele>
   </trkpt>
   <trkpt lat="27.5933830" lon="75.3797590">
    <ele>510</ele>
   </trkpt>
   <trkpt lat="27.5933380" lon="75.3799949">
    <ele>509</ele>
   </trkpt>
   <trkpt lat="27.5933290" lon="75.3801290">
    <ele>509</ele>
   </trkpt>
   <trkpt lat="27.5933460" lon="75.3802539">
    <ele>509</ele>
   </trkpt>
   <trkpt lat="27.5933830" lon="75.3804120">
    <ele>510</ele>
   </trkpt>
   <trkpt lat="27.5934410" lon="75.3805970">
    <ele>509</ele>
   </trkpt>
   <trkpt lat="27.5935640" lon="75.3808540">
    <ele>509</ele>
   </trkpt>
   <trkpt lat="27.5936260" lon="75.3810200">
    <ele>508</ele>
   </trkpt>
   <trkpt lat="27.5936590" lon="75.3811570">
    <ele>509</ele>
   </trkpt>
   <trkpt lat="27.5936730" lon="75.3812770">
    <ele>509</ele>
   </trkpt>
   <trkpt lat="27.5936710" lon="75.3814150">
    <ele>509</ele>
   </trkpt>
   <trkpt lat="27.5936500" lon="75.3816510">
    <ele>508</ele>
   </trkpt>
   <trkpt lat="27.5935190" lon="75.3825370">
    <ele>507</ele>
   </trkpt>
   <trkpt lat="27.5934460" lon="75.3829910">
    <ele>506</ele>
   </trkpt>
   <trkpt lat="27.5934300" lon="75.3831800">
    <ele>506</ele>
   </trkpt>
   <trkpt lat="27.5934300" lon="75.3833130">
    <ele>506</ele>
   </trkpt>
   <trkpt lat="27.5934520" lon="75.3834399">
    <ele>505</ele>
   </trkpt>
   <trkpt lat="27.5935070" lon="75.3836250">
    <ele>506</ele>
   </trkpt>
   <trkpt lat="27.5937160" lon="75.3842570">
    <ele>504</ele>
   </trkpt>
   <trkpt lat="27.5939020" lon="75.3848170">
    <ele>503</ele>
   </trkpt>
   <trkpt lat="27.5939800" lon="75.3850550">
    <ele>503</ele>
   </trkpt>
   <trkpt lat="27.5944430" lon="75.3866040">
    <ele>502</ele>
   </trkpt>
   <trkpt lat="27.5944850" lon="75.3867870">
    <ele>502</ele>
   </trkpt>
   <trkpt lat="27.5945390" lon="75.3870479">
    <ele>503</ele>
   </trkpt>
   <trkpt lat="27.5945630" lon="75.3872290">
    <ele>504</ele>
   </trkpt>
   <trkpt lat="27.5945870" lon="75.3874900">
    <ele>504</ele>
   </trkpt>
   <trkpt lat="27.5946290" lon="75.3879160">
    <ele>504</ele>
   </trkpt>
   <trkpt lat="27.5946880" lon="75.3886660">
    <ele>501</ele>
   </trkpt>
   <trkpt lat="27.5947780" lon="75.3894590">
    <ele>503</ele>
   </trkpt>
   <trkpt lat="27.5947950" lon="75.3895880">
    <ele>503</ele>
   </trkpt>
   <trkpt lat="27.5948250" lon="75.3897690">
    <ele>504</ele>
   </trkpt>
   <trkpt lat="27.5948630" lon="75.3899650">
    <ele>504</ele>
   </trkpt>
   <trkpt lat="27.5949330" lon="75.3903780">
    <ele>503</ele>
   </trkpt>
   <trkpt lat="27.5950790" lon="75.3911270">
    <ele>503</ele>
   </trkpt>
   <trkpt lat="27.5952570" lon="75.3922190">
    <ele>504</ele>
   </trkpt>
   <trkpt lat="27.5954460" lon="75.3932610">
    <ele>502</ele>
   </trkpt>
   <trkpt lat="27.5956330" lon="75.3943020">
    <ele>498</ele>
   </trkpt>
   <trkpt lat="27.5958160" lon="75.3954220">
    <ele>502</ele>
   </trkpt>
   <trkpt lat="27.5958860" lon="75.3958210">
    <ele>500</ele>
   </trkpt>
   <trkpt lat="27.5959480" lon="75.3961379">
    <ele>499</ele>
   </trkpt>
   <trkpt lat="27.5960000" lon="75.3963320">
    <ele>499</ele>
   </trkpt>
   <trkpt lat="27.5960580" lon="75.3965000">
    <ele>499</ele>
   </trkpt>
   <trkpt lat="27.5961410" lon="75.3967140">
    <ele>499</ele>
   </trkpt>
   <trkpt lat="27.5962990" lon="75.3970980">
    <ele>498</ele>
   </trkpt>
   <trkpt lat="27.5964690" lon="75.3975400">
    <ele>497</ele>
   </trkpt>
   <trkpt lat="27.5966350" lon="75.3979650">
    <ele>497</ele>
   </trkpt>
   <trkpt lat="27.5967210" lon="75.3981850">
    <ele>497</ele>
   </trkpt>
   <trkpt lat="27.5968010" lon="75.3983990">
    <ele>496</ele>
   </trkpt>
   <trkpt lat="27.5969270" lon="75.3987010">
    <ele>496</ele>
   </trkpt>
   <trkpt lat="27.5970180" lon="75.3989380">
    <ele>498</ele>
   </trkpt>
   <trkpt lat="27.5971020" lon="75.3991740">
    <ele>500</ele>
   </trkpt>
   <trkpt lat="27.5971690" lon="75.3993940">
    <ele>501</ele>
   </trkpt>
   <trkpt lat="27.5972430" lon="75.3996760">
    <ele>502</ele>
   </trkpt>
   <trkpt lat="27.5973110" lon="75.4000590">
    <ele>501</ele>
   </trkpt>
   <trkpt lat="27.5973920" lon="75.4005710">
    <ele>501</ele>
   </trkpt>
   <trkpt lat="27.5974670" lon="75.4010100">
    <ele>503</ele>
   </trkpt>
   <trkpt lat="27.5975550" lon="75.4015019">
    <ele>501</ele>
   </trkpt>
   <trkpt lat="27.5977080" lon="75.4022520">
    <ele>500</ele>
   </trkpt>
   <trkpt lat="27.5977790" lon="75.4026780">
    <ele>502</ele>
   </trkpt>
   <trkpt lat="27.5979120" lon="75.4034160">
    <ele>504</ele>
   </trkpt>
   <trkpt lat="27.5979830" lon="75.4038030">
    <ele>504</ele>
   </trkpt>
   <trkpt lat="27.5980210" lon="75.4040300">
    <ele>505</ele>
   </trkpt>
   <trkpt lat="27.5980420" lon="75.4041560">
    <ele>505</ele>
   </trkpt>
   <trkpt lat="27.5982240" lon="75.4051800">
    <ele>503</ele>
   </trkpt>
   <trkpt lat="27.5985360" lon="75.4071340">
    <ele>501</ele>
   </trkpt>
   <trkpt lat="27.5985750" lon="75.4073180">
    <ele>499</ele>
   </trkpt>
   <trkpt lat="27.5986250" lon="75.4074960">
    <ele>500</ele>
   </trkpt>
   <trkpt lat="27.5987090" lon="75.4077090">
    <ele>502</ele>
   </trkpt>
   <trkpt lat="27.5990530" lon="75.4083950">
    <ele>505</ele>
   </trkpt>
   <trkpt lat="27.5993220" lon="75.4088869">
    <ele>504</ele>
   </trkpt>
   <trkpt lat="27.6000460" lon="75.4102640">
    <ele>505</ele>
   </trkpt>
   <trkpt lat="27.6001060" lon="75.4103570">
    <ele>504</ele>
   </trkpt>
   <trkpt lat="27.6001560" lon="75.4104090">
    <ele>504</ele>
   </trkpt>
   <trkpt lat="27.6002050" lon="75.4104350">
    <ele>504</ele>
   </trkpt>
   <trkpt lat="27.6002600" lon="75.4104470">
    <ele>504</ele>
   </trkpt>
   <trkpt lat="27.6003360" lon="75.4104520">
    <ele>504</ele>
   </trkpt>
   <trkpt lat="27.6005380" lon="75.4104470">
    <ele>507</ele>
   </trkpt>
   <trkpt lat="27.6007410" lon="75.4104450">
    <ele>508</ele>
   </trkpt>
   <trkpt lat="27.6014080" lon="75.4104320">
    <ele>511</ele>
   </trkpt>
   <trkpt lat="27.6015720" lon="75.4104490">
    <ele>511</ele>
   </trkpt>
   <trkpt lat="27.6016590" lon="75.4104680">
    <ele>511</ele>
   </trkpt>
   <trkpt lat="27.6017430" lon="75.4105090">
    <ele>509</ele>
   </trkpt>
   <trkpt lat="27.6017800" lon="75.4105420">
    <ele>509</ele>
   </trkpt>
   <trkpt lat="27.6018340" lon="75.4106180">
    <ele>509</ele>
   </trkpt>
   <trkpt lat="27.6021180" lon="75.4112940">
    <ele>509</ele>
   </trkpt>
   <trkpt lat="27.6022250" lon="75.4115310">
    <ele>509</ele>
   </trkpt>
   <trkpt lat="27.6023940" lon="75.4119040">
    <ele>507</ele>
   </trkpt>
   <trkpt lat="27.6026600" lon="75.4124320">
    <ele>508</ele>
   </trkpt>
   <trkpt lat="27.6027120" lon="75.4125390">
    <ele>508</ele>
   </trkpt>
   <trkpt lat="27.6027800" lon="75.4126800">
    <ele>508</ele>
   </trkpt>
   <trkpt lat="27.6028540" lon="75.4128580">
    <ele>510</ele>
   </trkpt>
   <trkpt lat="27.6028540" lon="75.4128580">
    <ele>510</ele>
   </trkpt>
   <trkpt lat="27.6028540" lon="75.4128580">
    <ele>510</ele>
   </trkpt>
   <trkpt lat="27.6028540" lon="75.4128580">
    <ele>510</ele>
   </trkpt>
   <trkpt lat="27.6031030" lon="75.4129890">
    <ele>512</ele>
   </trkpt>
   <trkpt lat="27.6033920" lon="75.4131880">
    <ele>514</ele>
   </trkpt>
   <trkpt lat="27.6034590" lon="75.4132350">
    <ele>514</ele>
   </trkpt>
   <trkpt lat="27.6035280" lon="75.4133060">
    <ele>513</ele>
   </trkpt>
   <trkpt lat="27.6035750" lon="75.4133530">
    <ele>515</ele>
   </trkpt>
   <trkpt lat="27.6036410" lon="75.4133890">
    <ele>515</ele>
   </trkpt>
   <trkpt lat="27.6037050" lon="75.4134190">
    <ele>516</ele>
   </trkpt>
   <trkpt lat="27.6037500" lon="75.4134500">
    <ele>516</ele>
   </trkpt>
   <trkpt lat="27.6037870" lon="75.4134909">
    <ele>516</ele>
   </trkpt>
   <trkpt lat="27.6038160" lon="75.4135370">
    <ele>516</ele>
   </trkpt>
   <trkpt lat="27.6038480" lon="75.4136220">
    <ele>517</ele>
   </trkpt>
   <trkpt lat="27.6038590" lon="75.4139390">
    <ele>516</ele>
   </trkpt>
   <trkpt lat="27.6040200" lon="75.4139290">
    <ele>519</ele>
   </trkpt>
   <trkpt lat="27.6040650" lon="75.4139350">
    <ele>518</ele>
   </trkpt>
   <trkpt lat="27.6040900" lon="75.4139579">
    <ele>518</ele>
   </trkpt>
   <trkpt lat="27.6041000" lon="75.4140020">
    <ele>518</ele>
   </trkpt>
   <trkpt lat="27.6041330" lon="75.4142230">
    <ele>517</ele>
   </trkpt>
   <trkpt lat="27.6041260" lon="75.4142660">
    <ele>517</ele>
   </trkpt>
   <trkpt lat="27.6041050" lon="75.4142970">
    <ele>515</ele>
   </trkpt>
   <trkpt lat="27.6040650" lon="75.4143200">
    <ele>515</ele>
   </trkpt>
   <trkpt lat="27.6041720" lon="75.4143270">
    <ele>517</ele>
   </trkpt>
   <trkpt lat="27.6041720" lon="75.4143270">
    <ele>517</ele>
   </trkpt>
   <trkpt lat="27.6041720" lon="75.4143270">
    <ele>517</ele>
   </trkpt>
   <trkpt lat="27.6041720" lon="75.4143270">
    <ele>517</ele>
   </trkpt>
   <trkpt lat="27.6041290" lon="75.4146360">
    <ele>514</ele>
   </trkpt>
   <trkpt lat="27.6041190" lon="75.4146630">
    <ele>514</ele>
   </trkpt>
   <trkpt lat="27.6041070" lon="75.4146820">
    <ele>514</ele>
   </trkpt>
   <trkpt lat="27.6040890" lon="75.4146920">
    <ele>514</ele>
   </trkpt>
   <trkpt lat="27.6040620" lon="75.4146890">
    <ele>514</ele>
   </trkpt>
   <trkpt lat="27.6040190" lon="75.4148610">
    <ele>514</ele>
   </trkpt>
   <trkpt lat="27.6039930" lon="75.4149990">
    <ele>513</ele>
   </trkpt>
   <trkpt lat="27.6039840" lon="75.4150270">
    <ele>513</ele>
   </trkpt>
   <trkpt lat="27.6039700" lon="75.4150520">
    <ele>513</ele>
   </trkpt>
   <trkpt lat="27.6039160" lon="75.4151289">
    <ele>513</ele>
   </trkpt>
   <trkpt lat="27.6038970" lon="75.4151680">
    <ele>512</ele>
   </trkpt>
   <trkpt lat="27.6038830" lon="75.4152170">
    <ele>512</ele>
   </trkpt>
   <trkpt lat="27.6038760" lon="75.4152730">
    <ele>512</ele>
   </trkpt>
   <trkpt lat="27.6038860" lon="75.4154430">
    <ele>511</ele>
   </trkpt>
   <trkpt lat="27.6038890" lon="75.4155849">
    <ele>510</ele>
   </trkpt>
   <trkpt lat="27.6038780" lon="75.4158320">
    <ele>509</ele>
   </trkpt>
   <trkpt lat="27.6038390" lon="75.4162319">
    <ele>508</ele>
   </trkpt>
   <trkpt lat="27.6038440" lon="75.4163270">
    <ele>508</ele>
   </trkpt>
   <trkpt lat="27.6038610" lon="75.4164090">
    <ele>508</ele>
   </trkpt>
   <trkpt lat="27.6039210" lon="75.4165249">
    <ele>508</ele>
   </trkpt>
   <trkpt lat="27.6039550" lon="75.4166060">
    <ele>508</ele>
   </trkpt>
   <trkpt lat="27.6039820" lon="75.4167040">
    <ele>508</ele>
   </trkpt>
   <trkpt lat="27.6040000" lon="75.4168350">
    <ele>508</ele>
   </trkpt>
   <trkpt lat="27.6040070" lon="75.4169700">
    <ele>508</ele>
   </trkpt>
   <trkpt lat="27.6039900" lon="75.4171120">
    <ele>507</ele>
   </trkpt>
   <trkpt lat="27.6038590" lon="75.4176440">
    <ele>504</ele>
   </trkpt>
   <trkpt lat="27.6037900" lon="75.4179230">
    <ele>503</ele>
   </trkpt>
   <trkpt lat="27.6037900" lon="75.4179230">
    <ele>503</ele>
   </trkpt>
   <trkpt lat="27.6037900" lon="75.4179230">
    <ele>503</ele>
   </trkpt>
   <trkpt lat="27.6038680" lon="75.4180270">
    <ele>504</ele>
   </trkpt>
   <trkpt lat="27.6039520" lon="75.4180740">
    <ele>504</ele>
   </trkpt>
   <trkpt lat="27.6040100" lon="75.4180970">
    <ele>504</ele>
   </trkpt>
   <trkpt lat="27.6043450" lon="75.4182280">
    <ele>503</ele>
   </trkpt>
   <trkpt lat="27.6049040" lon="75.4184480">
    <ele>505</ele>
   </trkpt>
   <trkpt lat="27.6050010" lon="75.4185070">
    <ele>507</ele>
   </trkpt>
   <trkpt lat="27.6050780" lon="75.4185700">
    <ele>508</ele>
   </trkpt>
   <trkpt lat="27.6051400" lon="75.4186530">
    <ele>508</ele>
   </trkpt>
   <trkpt lat="27.6053120" lon="75.4189550">
    <ele>507</ele>
   </trkpt>
   <trkpt lat="27.6054520" lon="75.4192230">
    <ele>506</ele>
   </trkpt>
   <trkpt lat="27.6055170" lon="75.4193880">
    <ele>504</ele>
   </trkpt>
   <trkpt lat="27.6055990" lon="75.4196350">
    <ele>503</ele>
   </trkpt>
   <trkpt lat="27.6056970" lon="75.4199890">
    <ele>505</ele>
   </trkpt>
   <trkpt lat="27.6057940" lon="75.4205150">
    <ele>506</ele>
   </trkpt>
   <trkpt lat="27.6058280" lon="75.4207349">
    <ele>505</ele>
   </trkpt>
   <trkpt lat="27.6058400" lon="75.4210250">
    <ele>503</ele>
   </trkpt>
   <trkpt lat="27.6058190" lon="75.4211890">
    <ele>501</ele>
   </trkpt>
   <trkpt lat="27.6057610" lon="75.4215390">
    <ele>503</ele>
   </trkpt>
   <trkpt lat="27.6056300" lon="75.4222610">
    <ele>501</ele>
   </trkpt>
   <trkpt lat="27.6053460" lon="75.4241090">
    <ele>503</ele>
   </trkpt>
   <trkpt lat="27.6052700" lon="75.4246010">
    <ele>502</ele>
   </trkpt>
   <trkpt lat="27.6052380" lon="75.4248400">
    <ele>501</ele>
   </trkpt>
   <trkpt lat="27.6052480" lon="75.4249860">
    <ele>500</ele>
   </trkpt>
   <trkpt lat="27.6052890" lon="75.4251430">
    <ele>500</ele>
   </trkpt>
   <trkpt lat="27.6053570" lon="75.4252850">
    <ele>500</ele>
   </trkpt>
   <trkpt lat="27.6054730" lon="75.4254510">
    <ele>500</ele>
   </trkpt>
   <trkpt lat="27.6063580" lon="75.4266340">
    <ele>501</ele>
   </trkpt>
   <trkpt lat="27.6069670" lon="75.4274350">
    <ele>503</ele>
   </trkpt>
   <trkpt lat="27.6070920" lon="75.4275569">
    <ele>503</ele>
   </trkpt>
   <trkpt lat="27.6072500" lon="75.4276620">
    <ele>503</ele>
   </trkpt>
   <trkpt lat="27.6075050" lon="75.4277510">
    <ele>502</ele>
   </trkpt>
   <trkpt lat="27.6086030" lon="75.4280820">
    <ele>505</ele>
   </trkpt>
   <trkpt lat="27.6086820" lon="75.4281070">
    <ele>505</ele>
   </trkpt>
   <trkpt lat="27.6091880" lon="75.4282690">
    <ele>506</ele>
   </trkpt>
   <trkpt lat="27.6092890" lon="75.4283010">
    <ele>506</ele>
   </trkpt>
   <trkpt lat="27.6093730" lon="75.4283520">
    <ele>507</ele>
   </trkpt>
   <trkpt lat="27.6094690" lon="75.4282990">
    <ele>507</ele>
   </trkpt>
   <trkpt lat="27.6095440" lon="75.4282740">
    <ele>508</ele>
   </trkpt>
   <trkpt lat="27.6096310" lon="75.4282659">
    <ele>509</ele>
   </trkpt>
   <trkpt lat="27.6097630" lon="75.4282850">
    <ele>509</ele>
   </trkpt>
   <trkpt lat="27.6102280" lon="75.4283660">
    <ele>507</ele>
   </trkpt>
   <trkpt lat="27.6105560" lon="75.4284380">
    <ele>509</ele>
   </trkpt>
   <trkpt lat="27.6106250" lon="75.4284680">
    <ele>509</ele>
   </trkpt>
   <trkpt lat="27.6106700" lon="75.4285070">
    <ele>509</ele>
   </trkpt>
   <trkpt lat="27.6107040" lon="75.4285590">
    <ele>511</ele>
   </trkpt>
   <trkpt lat="27.6107310" lon="75.4286340">
    <ele>511</ele>
   </trkpt>
   <trkpt lat="27.6107800" lon="75.4290000">
    <ele>510</ele>
   </trkpt>
   <trkpt lat="27.6108040" lon="75.4291030">
    <ele>509</ele>
   </trkpt>
   <trkpt lat="27.6109460" lon="75.4294380">
    <ele>512</ele>
   </trkpt>
   <trkpt lat="27.6109740" lon="75.4295210">
    <ele>512</ele>
   </trkpt>
   <trkpt lat="27.6111010" lon="75.4300620">
    <ele>512</ele>
   </trkpt>
   <trkpt lat="27.6111380" lon="75.4301590">
    <ele>510</ele>
   </trkpt>
   <trkpt lat="27.6113720" lon="75.4306469">
    <ele>508</ele>
   </trkpt>
   <trkpt lat="27.6114320" lon="75.4307280">
    <ele>508</ele>
   </trkpt>
   <trkpt lat="27.6114830" lon="75.4307730">
    <ele>506</ele>
   </trkpt>
   <trkpt lat="27.6116930" lon="75.4308860">
    <ele>509</ele>
   </trkpt>
   <trkpt lat="27.6117840" lon="75.4309360">
    <ele>507</ele>
   </trkpt>
   <trkpt lat="27.6118680" lon="75.4309950">
    <ele>507</ele>
   </trkpt>
   <trkpt lat="27.6119350" lon="75.4310630">
    <ele>510</ele>
   </trkpt>
   <trkpt lat="27.6120030" lon="75.4311560">
    <ele>508</ele>
   </trkpt>
   <trkpt lat="27.6122510" lon="75.4315780">
    <ele>509</ele>
   </trkpt>
   <trkpt lat="27.6123550" lon="75.4317080">
    <ele>507</ele>
   </trkpt>
   <trkpt lat="27.6124820" lon="75.4318220">
    <ele>506</ele>
   </trkpt>
   <trkpt lat="27.6128680" lon="75.4320580">
    <ele>507</ele>
   </trkpt>
   <trkpt lat="27.6129570" lon="75.4321030">
    <ele>507</ele>
   </trkpt>
   <trkpt lat="27.6130890" lon="75.4321700">
    <ele>507</ele>
   </trkpt>
   <trkpt lat="27.6132830" lon="75.4322750">
    <ele>510</ele>
   </trkpt>
   <trkpt lat="27.6134220" lon="75.4323790">
    <ele>508</ele>
   </trkpt>
   <trkpt lat="27.6135930" lon="75.4325400">
    <ele>510</ele>
   </trkpt>
   <trkpt lat="27.6141110" lon="75.4330660">
    <ele>510</ele>
   </trkpt>
   <trkpt lat="27.6141820" lon="75.4331600">
    <ele>508</ele>
   </trkpt>
   <trkpt lat="27.6142530" lon="75.4333120">
    <ele>511</ele>
   </trkpt>
   <trkpt lat="27.6143290" lon="75.4334650">
    <ele>509</ele>
   </trkpt>
   <trkpt lat="27.6144200" lon="75.4336129">
    <ele>511</ele>
   </trkpt>
   <trkpt lat="27.6145340" lon="75.4337580">
    <ele>512</ele>
   </trkpt>
   <trkpt lat="27.6147640" lon="75.4339750">
    <ele>511</ele>
   </trkpt>
   <trkpt lat="27.6151060" lon="75.4341980">
    <ele>512</ele>
   </trkpt>
   <trkpt lat="27.6151870" lon="75.4342590">
    <ele>512</ele>
   </trkpt>
   <trkpt lat="27.6152850" lon="75.4343640">
    <ele>511</ele>
   </trkpt>
   <trkpt lat="27.6154180" lon="75.4344710">
    <ele>512</ele>
   </trkpt>
   <trkpt lat="27.6156050" lon="75.4345540">
    <ele>511</ele>
   </trkpt>
   <trkpt lat="27.6162640" lon="75.4347049">
    <ele>514</ele>
   </trkpt>
   <trkpt lat="27.6163900" lon="75.4347550">
    <ele>516</ele>
   </trkpt>
   <trkpt lat="27.6165110" lon="75.4348410">
    <ele>518</ele>
   </trkpt>
   <trkpt lat="27.6168670" lon="75.4350690">
    <ele>514</ele>
   </trkpt>
   <trkpt lat="27.6177470" lon="75.4355490">
    <ele>517</ele>
   </trkpt>
   <trkpt lat="27.6178660" lon="75.4355820">
    <ele>513</ele>
   </trkpt>
   <trkpt lat="27.6181980" lon="75.4356570">
    <ele>515</ele>
   </trkpt>
   <trkpt lat="27.6187740" lon="75.4357960">
    <ele>515</ele>
   </trkpt>
   <trkpt lat="27.6188900" lon="75.4358419">
    <ele>515</ele>
   </trkpt>
   <trkpt lat="27.6194770" lon="75.4361640">
    <ele>520</ele>
   </trkpt>
   <trkpt lat="27.6195530" lon="75.4362249">
    <ele>524</ele>
   </trkpt>
   <trkpt lat="27.6196170" lon="75.4363030">
    <ele>520</ele>
   </trkpt>
   <trkpt lat="27.6197500" lon="75.4364770">
    <ele>517</ele>
   </trkpt>
   <trkpt lat="27.6200090" lon="75.4367000">
    <ele>517</ele>
   </trkpt>
   <trkpt lat="27.6205990" lon="75.4371560">
    <ele>516</ele>
   </trkpt>
   <trkpt lat="27.6208050" lon="75.4372870">
    <ele>514</ele>
   </trkpt>
   <trkpt lat="27.6210910" lon="75.4374190">
    <ele>516</ele>
   </trkpt>
   <trkpt lat="27.6213950" lon="75.4374890">
    <ele>513</ele>
   </trkpt>
   <trkpt lat="27.6215830" lon="75.4375500">
    <ele>514</ele>
   </trkpt>
   <trkpt lat="27.6221100" lon="75.4377570">
    <ele>515</ele>
   </trkpt>
   <trkpt lat="27.6223380" lon="75.4378800">
    <ele>512</ele>
   </trkpt>
   <trkpt lat="27.6225160" lon="75.4379460">
    <ele>513</ele>
   </trkpt>
   <trkpt lat="27.6229050" lon="75.4380340">
    <ele>513</ele>
   </trkpt>
   <trkpt lat="27.6230870" lon="75.4381060">
    <ele>514</ele>
   </trkpt>
   <trkpt lat="27.6233650" lon="75.4382140">
    <ele>511</ele>
   </trkpt>
   <trkpt lat="27.6236170" lon="75.4382679">
    <ele>510</ele>
   </trkpt>
   <trkpt lat="27.6238770" lon="75.4382970">
    <ele>510</ele>
   </trkpt>
   <trkpt lat="27.6239720" lon="75.4383320">
    <ele>507</ele>
   </trkpt>
   <trkpt lat="27.6240050" lon="75.4383880">
    <ele>507</ele>
   </trkpt>
   <trkpt lat="27.6240190" lon="75.4384740">
    <ele>507</ele>
   </trkpt>
   <trkpt lat="27.6240740" lon="75.4388580">
    <ele>504</ele>
   </trkpt>
   <trkpt lat="27.6241000" lon="75.4389060">
    <ele>504</ele>
   </trkpt>
   <trkpt lat="27.6241390" lon="75.4389340">
    <ele>504</ele>
   </trkpt>
   <trkpt lat="27.6243710" lon="75.4390350">
    <ele>505</ele>
   </trkpt>
   <trkpt lat="27.6247740" lon="75.4391590">
    <ele>507</ele>
   </trkpt>
   <trkpt lat="27.6251340" lon="75.4393170">
    <ele>508</ele>
   </trkpt>
   <trkpt lat="27.6253210" lon="75.4393790">
    <ele>507</ele>
   </trkpt>
   <trkpt lat="27.6256290" lon="75.4394340">
    <ele>507</ele>
   </trkpt>
   <trkpt lat="27.6257230" lon="75.4394180">
    <ele>507</ele>
   </trkpt>
   <trkpt lat="27.6258450" lon="75.4393700">
    <ele>507</ele>
   </trkpt>
   <trkpt lat="27.6259200" lon="75.4393520">
    <ele>507</ele>
   </trkpt>
   <trkpt lat="27.6259790" lon="75.4393620">
    <ele>507</ele>
   </trkpt>
   <trkpt lat="27.6260540" lon="75.4393939">
    <ele>508</ele>
   </trkpt>
   <trkpt lat="27.6263160" lon="75.4395520">
    <ele>510</ele>
   </trkpt>
   <trkpt lat="27.6264000" lon="75.4395849">
    <ele>510</ele>
   </trkpt>
   <trkpt lat="27.6267690" lon="75.4397030">
    <ele>510</ele>
   </trkpt>
   <trkpt lat="27.6268740" lon="75.4397539">
    <ele>509</ele>
   </trkpt>
   <trkpt lat="27.6269500" lon="75.4397720">
    <ele>509</ele>
   </trkpt>
   <trkpt lat="27.6272270" lon="75.4397670">
    <ele>507</ele>
   </trkpt>
   <trkpt lat="27.6275050" lon="75.4397140">
    <ele>506</ele>
   </trkpt>
   <trkpt lat="27.6276320" lon="75.4397110">
    <ele>506</ele>
   </trkpt>
   <trkpt lat="27.6278850" lon="75.4397369">
    <ele>508</ele>
   </trkpt>
   <trkpt lat="27.6280320" lon="75.4397670">
    <ele>509</ele>
   </trkpt>
   <trkpt lat="27.6281840" lon="75.4398150">
    <ele>510</ele>
   </trkpt>
   <trkpt lat="27.6288450" lon="75.4400680">
    <ele>511</ele>
   </trkpt>
   <trkpt lat="27.6293280" lon="75.4403030">
    <ele>511</ele>
   </trkpt>
   <trkpt lat="27.6297100" lon="75.4405020">
    <ele>511</ele>
   </trkpt>
   <trkpt lat="27.6298540" lon="75.4405610">
    <ele>511</ele>
   </trkpt>
   <trkpt lat="27.6300840" lon="75.4406330">
    <ele>511</ele>
   </trkpt>
   <trkpt lat="27.6309450" lon="75.4408430">
    <ele>508</ele>
   </trkpt>
   <trkpt lat="27.6310030" lon="75.4408340">
    <ele>508</ele>
   </trkpt>
   <trkpt lat="27.6310430" lon="75.4408119">
    <ele>508</ele>
   </trkpt>
   <trkpt lat="27.6310810" lon="75.4407800">
    <ele>507</ele>
   </trkpt>
   <trkpt lat="27.6311060" lon="75.4407240">
    <ele>507</ele>
   </trkpt>
   <trkpt lat="27.6311980" lon="75.4404010">
    <ele>508</ele>
   </trkpt>
   <trkpt lat="27.6312440" lon="75.4402800">
    <ele>509</ele>
   </trkpt>
   <trkpt lat="27.6313340" lon="75.4400990">
    <ele>510</ele>
   </trkpt>
   <trkpt lat="27.6315160" lon="75.4398350">
    <ele>512</ele>
   </trkpt>
   <trkpt lat="27.6317040" lon="75.4396890">
    <ele>511</ele>
   </trkpt>
   <trkpt lat="27.6318700" lon="75.4396030">
    <ele>512</ele>
   </trkpt>
   <trkpt lat="27.6320320" lon="75.4395739">
    <ele>511</ele>
   </trkpt>
   <trkpt lat="27.6323870" lon="75.4395289">
    <ele>512</ele>
   </trkpt>
   <trkpt lat="27.6326570" lon="75.4395080">
    <ele>512</ele>
   </trkpt>
   <trkpt lat="27.6328130" lon="75.4395170">
    <ele>511</ele>
   </trkpt>
   <trkpt lat="27.6329710" lon="75.4395650">
    <ele>511</ele>
   </trkpt>
   <trkpt lat="27.6331250" lon="75.4396639">
    <ele>510</ele>
   </trkpt>
   <trkpt lat="27.6338130" lon="75.4402030">
    <ele>511</ele>
   </trkpt>
   <trkpt lat="27.6340740" lon="75.4404260">
    <ele>511</ele>
   </trkpt>
   <trkpt lat="27.6346210" lon="75.4408230">
    <ele>509</ele>
   </trkpt>
   <trkpt lat="27.6347160" lon="75.4408760">
    <ele>509</ele>
   </trkpt>
   <trkpt lat="27.6348320" lon="75.4409010">
    <ele>509</ele>
   </trkpt>
   <trkpt lat="27.6351580" lon="75.4408790">
    <ele>510</ele>
   </trkpt>
   <trkpt lat="27.6352840" lon="75.4408790">
    <ele>511</ele>
   </trkpt>
   <trkpt lat="27.6355050" lon="75.4408980">
    <ele>512</ele>
   </trkpt>
   <trkpt lat="27.6364390" lon="75.4411180">
    <ele>508</ele>
   </trkpt>
   <trkpt lat="27.6366380" lon="75.4411960">
    <ele>508</ele>
   </trkpt>
   <trkpt lat="27.6372680" lon="75.4415340">
    <ele>508</ele>
   </trkpt>
   <trkpt lat="27.6382040" lon="75.4420460">
    <ele>511</ele>
   </trkpt>
   <trkpt lat="27.6389950" lon="75.4425490">
    <ele>514</ele>
   </trkpt>
   <trkpt lat="27.6389950" lon="75.4425490">
    <ele>514</ele>
   </trkpt>
   <trkpt lat="27.6391400" lon="75.4424961">
    <ele>514</ele>
   </trkpt>
   <trkpt lat="27.6391400" lon="75.4424961">
    <ele>514</ele>
   </trkpt>
   <trkpt lat="27.6394226" lon="75.4422778">
    <ele>515</ele>
   </trkpt>
   <trkpt lat="27.6394226" lon="75.4422778">
    <ele>515</ele>
   </trkpt>
   <trkpt lat="27.6398110" lon="75.4423592">
    <ele>517</ele>
   </trkpt>
   <trkpt lat="27.6398110" lon="75.4423592">
    <ele>517</ele>
   </trkpt>
   <trkpt lat="27.6405007" lon="75.4428752">
    <ele>516</ele>
   </trkpt>
   <trkpt lat="27.6405007" lon="75.4428752">
    <ele>516</ele>
   </trkpt>
   <trkpt lat="27.6411528" lon="75.4434111">
    <ele>513</ele>
   </trkpt>
   <trkpt lat="27.6411528" lon="75.4434111">
    <ele>513</ele>
   </trkpt>
   <trkpt lat="27.6416394" lon="75.4436481">
    <ele>513</ele>
   </trkpt>
   <trkpt lat="27.6421260" lon="75.4438852">
    <ele>515</ele>
   </trkpt>
   <trkpt lat="27.6421260" lon="75.4438852">
    <ele>515</ele>
   </trkpt>
   <trkpt lat="27.6421260" lon="75.4438852">
    <ele>515</ele>
   </trkpt>
   <trkpt lat="27.6429327" lon="75.4442722">
    <ele>515</ele>
   </trkpt>
   <trkpt lat="27.6429327" lon="75.4442722">
    <ele>512</ele>
   </trkpt>
   <trkpt lat="27.6434495" lon="75.4445101">
    <ele>514</ele>
   </trkpt>
   <trkpt lat="27.6439664" lon="75.4447481">
    <ele>515</ele>
   </trkpt>
   <trkpt lat="27.6439664" lon="75.4447481">
    <ele>515</ele>
   </trkpt>
   <trkpt lat="27.6439664" lon="75.4447481">
    <ele>515</ele>
   </trkpt>
   <trkpt lat="27.6445145" lon="75.4450742">
    <ele>516</ele>
   </trkpt>
   <trkpt lat="27.6450626" lon="75.4454004">
    <ele>517</ele>
   </trkpt>
   <trkpt lat="27.6450626" lon="75.4454004">
    <ele>517</ele>
   </trkpt>
   <trkpt lat="27.6450626" lon="75.4454004">
    <ele>517</ele>
   </trkpt>
   <trkpt lat="27.6454893" lon="75.4455618">
    <ele>519</ele>
   </trkpt>
   <trkpt lat="27.6459161" lon="75.4457233">
    <ele>521</ele>
   </trkpt>
   <trkpt lat="27.6459161" lon="75.4457233">
    <ele>521</ele>
   </trkpt>
   <trkpt lat="27.6459161" lon="75.4457233">
    <ele>521</ele>
   </trkpt>
   <trkpt lat="27.6463857" lon="75.4459100">
    <ele>523</ele>
   </trkpt>
   <trkpt lat="27.6468553" lon="75.4460968">
    <ele>523</ele>
   </trkpt>
   <trkpt lat="27.6468553" lon="75.4460968">
    <ele>523</ele>
   </trkpt>
   <trkpt lat="27.6468553" lon="75.4460968">
    <ele>523</ele>
   </trkpt>
   <trkpt lat="27.6473200" lon="75.4463147">
    <ele>523</ele>
   </trkpt>
   <trkpt lat="27.6477847" lon="75.4465327">
    <ele>525</ele>
   </trkpt>
   <trkpt lat="27.6477847" lon="75.4465327">
    <ele>525</ele>
   </trkpt>
   <trkpt lat="27.6477847" lon="75.4465327">
    <ele>525</ele>
   </trkpt>
   <trkpt lat="27.6482161" lon="75.4469498">
    <ele>527</ele>
   </trkpt>
   <trkpt lat="27.6486475" lon="75.4473669">
    <ele>528</ele>
   </trkpt>
   <trkpt lat="27.6486475" lon="75.4473669">
    <ele>528</ele>
   </trkpt>
   <trkpt lat="27.6486475" lon="75.4473669">
    <ele>528</ele>
   </trkpt>
   <trkpt lat="27.6493841" lon="75.4476589">
    <ele>520</ele>
   </trkpt>
   <trkpt lat="27.6493841" lon="75.4476589">
    <ele>520</ele>
   </trkpt>
   <trkpt lat="27.6497862" lon="75.4478946">
    <ele>524</ele>
   </trkpt>
   <trkpt lat="27.6501884" lon="75.4481304">
    <ele>526</ele>
   </trkpt>
   <trkpt lat="27.6501884" lon="75.4481304">
    <ele>526</ele>
   </trkpt>
   <trkpt lat="27.6501884" lon="75.4481304">
    <ele>526</ele>
   </trkpt>
   <trkpt lat="27.6506539" lon="75.4483889">
    <ele>526</ele>
   </trkpt>
   <trkpt lat="27.6511194" lon="75.4486475">
    <ele>526</ele>
   </trkpt>
   <trkpt lat="27.6511194" lon="75.4486475">
    <ele>526</ele>
   </trkpt>
   <trkpt lat="27.6511194" lon="75.4486475">
    <ele>526</ele>
   </trkpt>
   <trkpt lat="27.6515835" lon="75.4488614">
    <ele>526</ele>
   </trkpt>
   <trkpt lat="27.6520477" lon="75.4490754">
    <ele>528</ele>
   </trkpt>
   <trkpt lat="27.6520477" lon="75.4490754">
    <ele>528</ele>
   </trkpt>
   <trkpt lat="27.6520477" lon="75.4490754">
    <ele>528</ele>
   </trkpt>
   <trkpt lat="27.6524545" lon="75.4493588">
    <ele>527</ele>
   </trkpt>
   <trkpt lat="27.6524545" lon="75.4493588">
    <ele>527</ele>
   </trkpt>
   <trkpt lat="27.6529098" lon="75.4495046">
    <ele>530</ele>
   </trkpt>
   <trkpt lat="27.6533651" lon="75.4496505">
    <ele>530</ele>
   </trkpt>
   <trkpt lat="27.6533651" lon="75.4496505">
    <ele>530</ele>
   </trkpt>
   <trkpt lat="27.6533651" lon="75.4496505">
    <ele>530</ele>
   </trkpt>
   <trkpt lat="27.6537979" lon="75.4497921">
    <ele>530</ele>
   </trkpt>
   <trkpt lat="27.6542307" lon="75.4499338">
    <ele>531</ele>
   </trkpt>
   <trkpt lat="27.6542307" lon="75.4499338">
    <ele>531</ele>
   </trkpt>
   <trkpt lat="27.6542307" lon="75.4499338">
    <ele>531</ele>
   </trkpt>
   <trkpt lat="27.6547334" lon="75.4500486">
    <ele>533</ele>
   </trkpt>
   <trkpt lat="27.6547320" lon="75.4500080">
    <ele>533</ele>
   </trkpt>
   <trkpt lat="27.6549520" lon="75.4500000">
    <ele>533</ele>
   </trkpt>
   <trkpt lat="27.6555260" lon="75.4499790">
    <ele>534</ele>
   </trkpt>
   <trkpt lat="27.6570610" lon="75.4499390">
    <ele>537</ele>
   </trkpt>
   <trkpt lat="27.6576710" lon="75.4499900">
    <ele>537</ele>
   </trkpt>
   <trkpt lat="27.6584860" lon="75.4500780">
    <ele>535</ele>
   </trkpt>
   <trkpt lat="27.6587810" lon="75.4500810">
    <ele>535</ele>
   </trkpt>
   <trkpt lat="27.6589850" lon="75.4500590">
    <ele>535</ele>
   </trkpt>
   <trkpt lat="27.6591300" lon="75.4500429">
    <ele>534</ele>
   </trkpt>
   <trkpt lat="27.6592750" lon="75.4500060">
    <ele>533</ele>
   </trkpt>
   <trkpt lat="27.6593820" lon="75.4500490">
    <ele>533</ele>
   </trkpt>
   <trkpt lat="27.6598380" lon="75.4502820">
    <ele>534</ele>
   </trkpt>
   <trkpt lat="27.6600420" lon="75.4503840">
    <ele>534</ele>
   </trkpt>
   <trkpt lat="27.6601540" lon="75.4504050">
    <ele>533</ele>
   </trkpt>
   <trkpt lat="27.6602960" lon="75.4504620">
    <ele>533</ele>
   </trkpt>
   <trkpt lat="27.6604080" lon="75.4505850">
    <ele>533</ele>
   </trkpt>
   <trkpt lat="27.6604860" lon="75.4506920">
    <ele>534</ele>
   </trkpt>
   <trkpt lat="27.6605860" lon="75.4507760">
    <ele>533</ele>
   </trkpt>
   <trkpt lat="27.6607340" lon="75.4508479">
    <ele>537</ele>
   </trkpt>
   <trkpt lat="27.6608500" lon="75.4508910">
    <ele>537</ele>
   </trkpt>
   <trkpt lat="27.6612820" lon="75.4509260">
    <ele>532</ele>
   </trkpt>
   <trkpt lat="27.6615060" lon="75.4510600">
    <ele>528</ele>
   </trkpt>
   <trkpt lat="27.6616530" lon="75.4510600">
    <ele>528</ele>
   </trkpt>
   <trkpt lat="27.6618000" lon="75.4511000">
    <ele>528</ele>
   </trkpt>
   <trkpt lat="27.6620120" lon="75.4511750">
    <ele>529</ele>
   </trkpt>
   <trkpt lat="27.6626100" lon="75.4513710">
    <ele>529</ele>
   </trkpt>
   <trkpt lat="27.6629860" lon="75.4518270">
    <ele>521</ele>
   </trkpt>
   <trkpt lat="27.6634940" lon="75.4520469">
    <ele>517</ele>
   </trkpt>
   <trkpt lat="27.6639550" lon="75.4522990">
    <ele>519</ele>
   </trkpt>
   <trkpt lat="27.6651570" lon="75.4529320">
    <ele>513</ele>
   </trkpt>
   <trkpt lat="27.6658510" lon="75.4533340">
    <ele>510</ele>
   </trkpt>
   <trkpt lat="27.6660760" lon="75.4534709">
    <ele>510</ele>
   </trkpt>
   <trkpt lat="27.6663830" lon="75.4535060">
    <ele>511</ele>
   </trkpt>
   <trkpt lat="27.6668630" lon="75.4534870">
    <ele>511</ele>
   </trkpt>
   <trkpt lat="27.6672310" lon="75.4535280">
    <ele>511</ele>
   </trkpt>
   <trkpt lat="27.6675470" lon="75.4536880">
    <ele>509</ele>
   </trkpt>
   <trkpt lat="27.6683830" lon="75.4539300">
    <ele>505</ele>
   </trkpt>
   <trkpt lat="27.6690100" lon="75.4541390">
    <ele>502</ele>
   </trkpt>
   <trkpt lat="27.6695210" lon="75.4543480">
    <ele>502</ele>
   </trkpt>
   <trkpt lat="27.6698300" lon="75.4545310">
    <ele>502</ele>
   </trkpt>
   <trkpt lat="27.6702170" lon="75.4549140">
    <ele>502</ele>
   </trkpt>
   <trkpt lat="27.6708080" lon="75.4553540">
    <ele>501</ele>
   </trkpt>
   <trkpt lat="27.6712620" lon="75.4558020">
    <ele>503</ele>
   </trkpt>
   <trkpt lat="27.6716210" lon="75.4560939">
    <ele>499</ele>
   </trkpt>
   <trkpt lat="27.6722260" lon="75.4565400">
    <ele>496</ele>
   </trkpt>
   <trkpt lat="27.6726730" lon="75.4568050">
    <ele>492</ele>
   </trkpt>
   <trkpt lat="27.6728580" lon="75.4568430">
    <ele>491</ele>
   </trkpt>
   <trkpt lat="27.6730700" lon="75.4568720">
    <ele>492</ele>
   </trkpt>
   <trkpt lat="27.6732170" lon="75.4568860">
    <ele>491</ele>
   </trkpt>
   <trkpt lat="27.6735590" lon="75.4573310">
    <ele>489</ele>
   </trkpt>
   <trkpt lat="27.6738440" lon="75.4577730">
    <ele>480</ele>
   </trkpt>
   <trkpt lat="27.6739980" lon="75.4578669">
    <ele>479</ele>
   </trkpt>
   <trkpt lat="27.6742000" lon="75.4579260">
    <ele>480</ele>
   </trkpt>
   <trkpt lat="27.6744090" lon="75.4579640">
    <ele>484</ele>
   </trkpt>
   <trkpt lat="27.6749460" lon="75.4581380">
    <ele>491</ele>
   </trkpt>
   <trkpt lat="27.6752310" lon="75.4583500">
    <ele>490</ele>
   </trkpt>
   <trkpt lat="27.6756920" lon="75.4586510">
    <ele>487</ele>
   </trkpt>
   <trkpt lat="27.6761840" lon="75.4590020">
    <ele>486</ele>
   </trkpt>
   <trkpt lat="27.6764520" lon="75.4591090">
    <ele>485</ele>
   </trkpt>
   <trkpt lat="27.6766870" lon="75.4591790">
    <ele>484</ele>
   </trkpt>
   <trkpt lat="27.6771220" lon="75.4592670">
    <ele>483</ele>
   </trkpt>
   <trkpt lat="27.6778350" lon="75.4595380">
    <ele>479</ele>
   </trkpt>
   <trkpt lat="27.6782000" lon="75.4597450">
    <ele>478</ele>
   </trkpt>
   <trkpt lat="27.6785780" lon="75.4598520">
    <ele>476</ele>
   </trkpt>
   <trkpt lat="27.6788800" lon="75.4598920">
    <ele>474</ele>
   </trkpt>
   <trkpt lat="27.6789080" lon="75.4599080">
    <ele>474</ele>
   </trkpt>
   <trkpt lat="27.6790750" lon="75.4600050">
    <ele>474</ele>
   </trkpt>
   <trkpt lat="27.6792270" lon="75.4601689">
    <ele>475</ele>
   </trkpt>
   <trkpt lat="27.6792680" lon="75.4602040">
    <ele>475</ele>
   </trkpt>
   <trkpt lat="27.6793380" lon="75.4602630">
    <ele>474</ele>
   </trkpt>
   <trkpt lat="27.6794170" lon="75.4602710">
    <ele>474</ele>
   </trkpt>
   <trkpt lat="27.6795350" lon="75.4601900">
    <ele>474</ele>
   </trkpt>
   <trkpt lat="27.6797370" lon="75.4599889">
    <ele>474</ele>
   </trkpt>
   <trkpt lat="27.6802650" lon="75.4595920">
    <ele>472</ele>
   </trkpt>
   <trkpt lat="27.6807230" lon="75.4591839">
    <ele>469</ele>
   </trkpt>
   <trkpt lat="27.6809010" lon="75.4591200">
    <ele>468</ele>
   </trkpt>
   <trkpt lat="27.6810720" lon="75.4591070">
    <ele>468</ele>
   </trkpt>
   <trkpt lat="27.6812070" lon="75.4590820">
    <ele>468</ele>
   </trkpt>
   <trkpt lat="27.6813950" lon="75.4589860">
    <ele>468</ele>
   </trkpt>
   <trkpt lat="27.6815470" lon="75.4588280">
    <ele>469</ele>
   </trkpt>
   <trkpt lat="27.6818420" lon="75.4585940">
    <ele>469</ele>
   </trkpt>
   <trkpt lat="27.6823550" lon="75.4582030">
    <ele>468</ele>
   </trkpt>
   <trkpt lat="27.6826470" lon="75.4577820">
    <ele>470</ele>
   </trkpt>
   <trkpt lat="27.6827990" lon="75.4575270">
    <ele>472</ele>
   </trkpt>
   <trkpt lat="27.6829370" lon="75.4572320">
    <ele>473</ele>
   </trkpt>
   <trkpt lat="27.6830080" lon="75.4570600">
    <ele>474</ele>
   </trkpt>
   <trkpt lat="27.6830720" lon="75.4569290">
    <ele>474</ele>
   </trkpt>
   <trkpt lat="27.6831690" lon="75.4568450">
    <ele>474</ele>
   </trkpt>
   <trkpt lat="27.6833210" lon="75.4567620">
    <ele>473</ele>
   </trkpt>
   <trkpt lat="27.6834050" lon="75.4567340">
    <ele>474</ele>
   </trkpt>
   <trkpt lat="27.6836910" lon="75.4566399">
    <ele>476</ele>
   </trkpt>
   <trkpt lat="27.6838070" lon="75.4566020">
    <ele>476</ele>
   </trkpt>
   <trkpt lat="27.6835270" lon="75.4562080">
    <ele>476</ele>
   </trkpt>
   <trkpt lat="27.6834120" lon="75.4559600">
    <ele>479</ele>
   </trkpt>
   <trkpt lat="27.6833820" lon="75.4557310">
    <ele>481</ele>
   </trkpt>
   <trkpt lat="27.6834510" lon="75.4546010">
    <ele>487</ele>
   </trkpt>
   <trkpt lat="27.6834030" lon="75.4543170">
    <ele>488</ele>
   </trkpt>
   <trkpt lat="27.6832990" lon="75.4541210">
    <ele>488</ele>
   </trkpt>
   <trkpt lat="27.6822590" lon="75.4530800">
    <ele>480</ele>
   </trkpt>
   <trkpt lat="27.6817890" lon="75.4525110">
    <ele>482</ele>
   </trkpt>
   <trkpt lat="27.6809780" lon="75.4513510">
    <ele>481</ele>
   </trkpt>
   <trkpt lat="27.6809140" lon="75.4511969">
    <ele>479</ele>
   </trkpt>
   <trkpt lat="27.6809160" lon="75.4510380">
    <ele>480</ele>
   </trkpt>
   <trkpt lat="27.6812790" lon="75.4500830">
    <ele>483</ele>
   </trkpt>
   <trkpt lat="27.6813390" lon="75.4498220">
    <ele>485</ele>
   </trkpt>
   <trkpt lat="27.6813130" lon="75.4496360">
    <ele>491</ele>
   </trkpt>
   <trkpt lat="27.6810450" lon="75.4492450">
    <ele>489</ele>
   </trkpt>
   <trkpt lat="27.6804260" lon="75.4485350">
    <ele>489</ele>
   </trkpt>
   <trkpt lat="27.6801370" lon="75.4480940">
    <ele>485</ele>
   </trkpt>
   <trkpt lat="27.6797170" lon="75.4472640">
    <ele>480</ele>
   </trkpt>
   <trkpt lat="27.6794000" lon="75.4467350">
    <ele>478</ele>
   </trkpt>
   <trkpt lat="27.6790490" lon="75.4463150">
    <ele>481</ele>
   </trkpt>
   <trkpt lat="27.6789170" lon="75.4461190">
    <ele>483</ele>
   </trkpt>
   <trkpt lat="27.6786510" lon="75.4454010">
    <ele>482</ele>
   </trkpt>
   <trkpt lat="27.6785220" lon="75.4450880">
    <ele>481</ele>
   </trkpt>
   <trkpt lat="27.6780340" lon="75.4441960">
    <ele>484</ele>
   </trkpt>
   <trkpt lat="27.6763660" lon="75.4412290">
    <ele>490</ele>
   </trkpt>
   <trkpt lat="27.6761350" lon="75.4408720">
    <ele>493</ele>
   </trkpt>
   <trkpt lat="27.6759320" lon="75.4406939">
    <ele>494</ele>
   </trkpt>
   <trkpt lat="27.6750880" lon="75.4401150">
    <ele>496</ele>
   </trkpt>
   <trkpt lat="27.6748200" lon="75.4399580">
    <ele>497</ele>
   </trkpt>
   <trkpt lat="27.6731890" lon="75.4393450">
    <ele>496</ele>
   </trkpt>
   <trkpt lat="27.6718670" lon="75.4385960">
    <ele>495</ele>
   </trkpt>
   <trkpt lat="27.6712180" lon="75.4382150">
    <ele>498</ele>
   </trkpt>
   <trkpt lat="27.6710910" lon="75.4381120">
    <ele>497</ele>
   </trkpt>
   <trkpt lat="27.6705800" lon="75.4374440">
    <ele>495</ele>
   </trkpt>
   <trkpt lat="27.6696960" lon="75.4362210">
    <ele>499</ele>
   </trkpt>
   <trkpt lat="27.6695840" lon="75.4361100">
    <ele>500</ele>
   </trkpt>
   <trkpt lat="27.6683310" lon="75.4353530">
    <ele>503</ele>
   </trkpt>
   <trkpt lat="27.6666090" lon="75.4343150">
    <ele>504</ele>
   </trkpt>
   <trkpt lat="27.6653270" lon="75.4335110">
    <ele>505</ele>
   </trkpt>
   <trkpt lat="27.6651600" lon="75.4333730">
    <ele>503</ele>
   </trkpt>
   <trkpt lat="27.6646960" lon="75.4327050">
    <ele>501</ele>
   </trkpt>
   <trkpt lat="27.6637780" lon="75.4314080">
    <ele>509</ele>
   </trkpt>
   <trkpt lat="27.6634960" lon="75.4309750">
    <ele>510</ele>
   </trkpt>
   <trkpt lat="27.6628800" lon="75.4300279">
    <ele>507</ele>
   </trkpt>
   <trkpt lat="27.6616330" lon="75.4276340">
    <ele>505</ele>
   </trkpt>
   <trkpt lat="27.6614760" lon="75.4274170">
    <ele>505</ele>
   </trkpt>
   <trkpt lat="27.6613420" lon="75.4272820">
    <ele>505</ele>
   </trkpt>
   <trkpt lat="27.6611960" lon="75.4271620">
    <ele>505</ele>
   </trkpt>
   <trkpt lat="27.6603080" lon="75.4266449">
    <ele>509</ele>
   </trkpt>
   <trkpt lat="27.6598530" lon="75.4263810">
    <ele>509</ele>
   </trkpt>
   <trkpt lat="27.6583350" lon="75.4256720">
    <ele>510</ele>
   </trkpt>
   <trkpt lat="27.6571320" lon="75.4251040">
    <ele>512</ele>
   </trkpt>
   <trkpt lat="27.6569640" lon="75.4250110">
    <ele>512</ele>
   </trkpt>
   <trkpt lat="27.6568610" lon="75.4249530">
    <ele>511</ele>
   </trkpt>
   <trkpt lat="27.6568110" lon="75.4249150">
    <ele>511</ele>
   </trkpt>
   <trkpt lat="27.6567280" lon="75.4248500">
    <ele>511</ele>
   </trkpt>
   <trkpt lat="27.6565880" lon="75.4247060">
    <ele>512</ele>
   </trkpt>
   <trkpt lat="27.6565250" lon="75.4246270">
    <ele>512</ele>
   </trkpt>
   <trkpt lat="27.6563690" lon="75.4244310">
    <ele>512</ele>
   </trkpt>
   <trkpt lat="27.6556940" lon="75.4235820">
    <ele>517</ele>
   </trkpt>
   <trkpt lat="27.6550330" lon="75.4227440">
    <ele>524</ele>
   </trkpt>
   <trkpt lat="27.6545320" lon="75.4221440">
    <ele>524</ele>
   </trkpt>
   <trkpt lat="27.6539200" lon="75.4214100">
    <ele>519</ele>
   </trkpt>
   <trkpt lat="27.6533130" lon="75.4206510">
    <ele>519</ele>
   </trkpt>
   <trkpt lat="27.6529440" lon="75.4201830">
    <ele>521</ele>
   </trkpt>
   <trkpt lat="27.6528460" lon="75.4200730">
    <ele>520</ele>
   </trkpt>
   <trkpt lat="27.6527690" lon="75.4200070">
    <ele>521</ele>
   </trkpt>
   <trkpt lat="27.6526820" lon="75.4199570">
    <ele>521</ele>
   </trkpt>
   <trkpt lat="27.6526020" lon="75.4199299">
    <ele>520</ele>
   </trkpt>
   <trkpt lat="27.6523380" lon="75.4198870">
    <ele>521</ele>
   </trkpt>
   <trkpt lat="27.6518240" lon="75.4198030">
    <ele>524</ele>
   </trkpt>
   <trkpt lat="27.6514490" lon="75.4196850">
    <ele>521</ele>
   </trkpt>
   <trkpt lat="27.6510700" lon="75.4194710">
    <ele>518</ele>
   </trkpt>
   <trkpt lat="27.6510140" lon="75.4194160">
    <ele>519</ele>
   </trkpt>
   <trkpt lat="27.6509850" lon="75.4193480">
    <ele>519</ele>
   </trkpt>
   <trkpt lat="27.6509680" lon="75.4192750">
    <ele>519</ele>
   </trkpt>
   <trkpt lat="27.6509560" lon="75.4191850">
    <ele>520</ele>
   </trkpt>
   <trkpt lat="27.6509560" lon="75.4191850">
    <ele>520</ele>
   </trkpt>
   <trkpt lat="27.6508710" lon="75.4191629">
    <ele>520</ele>
   </trkpt>
   <trkpt lat="27.6508710" lon="75.4191629">
    <ele>520</ele>
   </trkpt>
   <trkpt lat="27.6507960" lon="75.4191909">
    <ele>521</ele>
   </trkpt>
   <trkpt lat="27.6507960" lon="75.4191909">
    <ele>521</ele>
   </trkpt>
   <trkpt lat="27.6507185" lon="75.4192176">
    <ele>522</ele>
   </trkpt>
   <trkpt lat="27.6507185" lon="75.4192176">
    <ele>522</ele>
   </trkpt>
   <trkpt lat="27.6506145" lon="75.4192080">
    <ele>522</ele>
   </trkpt>
   <trkpt lat="27.6506145" lon="75.4192080">
    <ele>523</ele>
   </trkpt>
   <trkpt lat="27.6504695" lon="75.4191961">
    <ele>525</ele>
   </trkpt>
   <trkpt lat="27.6504695" lon="75.4191961">
    <ele>525</ele>
   </trkpt>
   <trkpt lat="27.6503385" lon="75.4191735">
    <ele>528</ele>
   </trkpt>
   <trkpt lat="27.6503385" lon="75.4191735">
    <ele>528</ele>
   </trkpt>
   <trkpt lat="27.6502939" lon="75.4191617">
    <ele>529</ele>
   </trkpt>
   <trkpt lat="27.6502939" lon="75.4191617">
    <ele>529</ele>
   </trkpt>
   <trkpt lat="27.6503262" lon="75.4191297">
    <ele>528</ele>
   </trkpt>
   <trkpt lat="27.6503262" lon="75.4191297">
    <ele>528</ele>
   </trkpt>
   <trkpt lat="27.6503598" lon="75.4191094">
    <ele>528</ele>
   </trkpt>
   <trkpt lat="27.6503598" lon="75.4191094">
    <ele>528</ele>
   </trkpt>
   <trkpt lat="27.6503634" lon="75.4190697">
    <ele>528</ele>
   </trkpt>
   <trkpt lat="27.6503634" lon="75.4190697">
    <ele>528</ele>
   </trkpt>
   <trkpt lat="27.6503509" lon="75.4190535">
    <ele>528</ele>
   </trkpt>
   <trkpt lat="27.6503509" lon="75.4190535">
    <ele>528</ele>
   </trkpt>
   <trkpt lat="27.6503040" lon="75.4190381">
    <ele>530</ele>
   </trkpt>
   <trkpt lat="27.6503040" lon="75.4190381">
    <ele>530</ele>
   </trkpt>
   <trkpt lat="27.6502637" lon="75.4190441">
    <ele>530</ele>
   </trkpt>
   <trkpt lat="27.6502637" lon="75.4190441">
    <ele>530</ele>
   </trkpt>
   <trkpt lat="27.6502342" lon="75.4190429">
    <ele>530</ele>
   </trkpt>
   <trkpt lat="27.6502342" lon="75.4190429">
    <ele>530</ele>
   </trkpt>
   <trkpt lat="27.6501993" lon="75.4190214">
    <ele>531</ele>
   </trkpt>
   <trkpt lat="27.6501993" lon="75.4190214">
    <ele>531</ele>
   </trkpt>
   <trkpt lat="27.6501746" lon="75.4189711">
    <ele>532</ele>
   </trkpt>
   <trkpt lat="27.6501746" lon="75.4189711">
    <ele>532</ele>
   </trkpt>
   <trkpt lat="27.6501531" lon="75.4189206">
    <ele>533</ele>
   </trkpt>
   <trkpt lat="27.6501531" lon="75.4189206">
    <ele>533</ele>
   </trkpt>
   <trkpt lat="27.6500966" lon="75.4189238">
    <ele>533</ele>
   </trkpt>
   <trkpt lat="27.6500966" lon="75.4189238">
    <ele>533</ele>
   </trkpt>
   <trkpt lat="27.6500131" lon="75.4189275">
    <ele>535</ele>
   </trkpt>
   <trkpt lat="27.6500131" lon="75.4189275">
    <ele>535</ele>
   </trkpt>
   <trkpt lat="27.6499365" lon="75.4189291">
    <ele>536</ele>
   </trkpt>
   <trkpt lat="27.6499365" lon="75.4189291">
    <ele>536</ele>
   </trkpt>
   <trkpt lat="27.6498770" lon="75.4189248">
    <ele>536</ele>
   </trkpt>
   <trkpt lat="27.6498770" lon="75.4189248">
    <ele>536</ele>
   </trkpt>
   <trkpt lat="27.6498160" lon="75.4188852">
    <ele>538</ele>
   </trkpt>
   <trkpt lat="27.6498160" lon="75.4188852">
    <ele>538</ele>
   </trkpt>
   <trkpt lat="27.6497628" lon="75.4187545">
    <ele>539</ele>
   </trkpt>
   <trkpt lat="27.6497628" lon="75.4187545">
    <ele>539</ele>
   </trkpt>
   <trkpt lat="27.6496812" lon="75.4186129">
    <ele>541</ele>
   </trkpt>
   <trkpt lat="27.6496812" lon="75.4186129">
    <ele>541</ele>
   </trkpt>
   <trkpt lat="27.6495075" lon="75.4186136">
    <ele>542</ele>
   </trkpt>
   <trkpt lat="27.6495075" lon="75.4186136">
    <ele>542</ele>
   </trkpt>
   <trkpt lat="27.6494201" lon="75.4184844">
    <ele>542</ele>
   </trkpt>
   <trkpt lat="27.6494201" lon="75.4184844">
    <ele>542</ele>
   </trkpt>
   <trkpt lat="27.6493948" lon="75.4183409">
    <ele>543</ele>
   </trkpt>
   <trkpt lat="27.6493948" lon="75.4183409">
    <ele>543</ele>
   </trkpt>
   <trkpt lat="27.6494243" lon="75.4182444">
    <ele>542</ele>
   </trkpt>
   <trkpt lat="27.6494243" lon="75.4182444">
    <ele>542</ele>
   </trkpt>
   <trkpt lat="27.6494091" lon="75.4181087">
    <ele>539</ele>
   </trkpt>
   <trkpt lat="27.6494091" lon="75.4181087">
    <ele>539</ele>
   </trkpt>
   <trkpt lat="27.6493333" lon="75.4180506">
    <ele>539</ele>
   </trkpt>
   <trkpt lat="27.6493333" lon="75.4180506">
    <ele>539</ele>
   </trkpt>
   <trkpt lat="27.6492220" lon="75.4179753">
    <ele>540</ele>
   </trkpt>
   <trkpt lat="27.6492220" lon="75.4179753">
    <ele>540</ele>
   </trkpt>
   <trkpt lat="27.6490186" lon="75.4177980">
    <ele>537</ele>
   </trkpt>
   <trkpt lat="27.6490186" lon="75.4177980">
    <ele>537</ele>
   </trkpt>
   <trkpt lat="27.6488678" lon="75.4176300">
    <ele>535</ele>
   </trkpt>
   <trkpt lat="27.6488678" lon="75.4176300">
    <ele>535</ele>
   </trkpt>
   <trkpt lat="27.6487403" lon="75.4174446">
    <ele>533</ele>
   </trkpt>
   <trkpt lat="27.6487403" lon="75.4174446">
    <ele>533</ele>
   </trkpt>
   <trkpt lat="27.6486348" lon="75.4172743">
    <ele>533</ele>
   </trkpt>
   <trkpt lat="27.6486348" lon="75.4172743">
    <ele>533</ele>
   </trkpt>
   <trkpt lat="27.6485121" lon="75.4170836">
    <ele>533</ele>
   </trkpt>
   <trkpt lat="27.6485121" lon="75.4170836">
    <ele>533</ele>
   </trkpt>
   <trkpt lat="27.6485226" lon="75.4168798">
    <ele>533</ele>
   </trkpt>
   <trkpt lat="27.6485226" lon="75.4168798">
    <ele>533</ele>
   </trkpt>
   <trkpt lat="27.6486489" lon="75.4166931">
    <ele>531</ele>
   </trkpt>
   <trkpt lat="27.6486489" lon="75.4166931">
    <ele>531</ele>
   </trkpt>
   <trkpt lat="27.6487938" lon="75.4166086">
    <ele>528</ele>
   </trkpt>
   <trkpt lat="27.6490140" lon="75.4163910">
    <ele>525</ele>
   </trkpt>
   <trkpt lat="27.6490330" lon="75.4164150">
    <ele>523</ele>
   </trkpt>
   <trkpt lat="27.6487210" lon="75.4160140">
    <ele>522</ele>
   </trkpt>
   <trkpt lat="27.6486280" lon="75.4159060">
    <ele>521</ele>
   </trkpt>
   <trkpt lat="27.6485270" lon="75.4158290">
    <ele>523</ele>
   </trkpt>
   <trkpt lat="27.6478050" lon="75.4154310">
    <ele>523</ele>
   </trkpt>
   <trkpt lat="27.6474760" lon="75.4152840">
    <ele>526</ele>
   </trkpt>
   <trkpt lat="27.6473960" lon="75.4152270">
    <ele>526</ele>
   </trkpt>
   <trkpt lat="27.6472080" lon="75.4150250">
    <ele>527</ele>
   </trkpt>
   <trkpt lat="27.6471670" lon="75.4149489">
    <ele>528</ele>
   </trkpt>
   <trkpt lat="27.6471430" lon="75.4148570">
    <ele>528</ele>
   </trkpt>
   <trkpt lat="27.6471300" lon="75.4147360">
    <ele>528</ele>
   </trkpt>
   <trkpt lat="27.6470880" lon="75.4142959">
    <ele>528</ele>
   </trkpt>
   <trkpt lat="27.6470620" lon="75.4141590">
    <ele>528</ele>
   </trkpt>
   <trkpt lat="27.6470280" lon="75.4140130">
    <ele>530</ele>
   </trkpt>
   <trkpt lat="27.6468850" lon="75.4134790">
    <ele>532</ele>
   </trkpt>
   <trkpt lat="27.6467750" lon="75.4130640">
    <ele>531</ele>
   </trkpt>
   <trkpt lat="27.6467540" lon="75.4129310">
    <ele>531</ele>
   </trkpt>
   <trkpt lat="27.6467440" lon="75.4127780">
    <ele>531</ele>
   </trkpt>
   <trkpt lat="27.6467240" lon="75.4124810">
    <ele>532</ele>
   </trkpt>
   <trkpt lat="27.6467080" lon="75.4124230">
    <ele>532</ele>
   </trkpt>
   <trkpt lat="27.6466960" lon="75.4123770">
    <ele>532</ele>
   </trkpt>
   <trkpt lat="27.6466580" lon="75.4122900">
    <ele>532</ele>
   </trkpt>
   <trkpt lat="27.6466070" lon="75.4122110">
    <ele>532</ele>
   </trkpt>
   <trkpt lat="27.6464320" lon="75.4120020">
    <ele>531</ele>
   </trkpt>
   <trkpt lat="27.6463250" lon="75.4118950">
    <ele>531</ele>
   </trkpt>
   <trkpt lat="27.6462230" lon="75.4117940">
    <ele>530</ele>
   </trkpt>
   <trkpt lat="27.6456520" lon="75.4113140">
    <ele>536</ele>
   </trkpt>
   <trkpt lat="27.6455660" lon="75.4112540">
    <ele>536</ele>
   </trkpt>
   <trkpt lat="27.6454720" lon="75.4111999">
    <ele>536</ele>
   </trkpt>
   <trkpt lat="27.6441900" lon="75.4107350">
    <ele>537</ele>
   </trkpt>
   <trkpt lat="27.6440710" lon="75.4106860">
    <ele>537</ele>
   </trkpt>
   <trkpt lat="27.6439530" lon="75.4106140">
    <ele>539</ele>
   </trkpt>
   <trkpt lat="27.6438370" lon="75.4105180">
    <ele>540</ele>
   </trkpt>
   <trkpt lat="27.6435660" lon="75.4102210">
    <ele>543</ele>
   </trkpt>
   <trkpt lat="27.6431950" lon="75.4097610">
    <ele>543</ele>
   </trkpt>
   <trkpt lat="27.6430790" lon="75.4096520">
    <ele>542</ele>
   </trkpt>
   <trkpt lat="27.6429920" lon="75.4095940">
    <ele>543</ele>
   </trkpt>
   <trkpt lat="27.6428980" lon="75.4095460">
    <ele>543</ele>
   </trkpt>
   <trkpt lat="27.6422960" lon="75.4093130">
    <ele>546</ele>
   </trkpt>
   <trkpt lat="27.6420460" lon="75.4091630">
    <ele>547</ele>
   </trkpt>
   <trkpt lat="27.6417740" lon="75.4089480">
    <ele>546</ele>
   </trkpt>
   <trkpt lat="27.6416290" lon="75.4087720">
    <ele>545</ele>
   </trkpt>
   <trkpt lat="27.6415340" lon="75.4086480">
    <ele>544</ele>
   </trkpt>
   <trkpt lat="27.6414270" lon="75.4085690">
    <ele>545</ele>
   </trkpt>
   <trkpt lat="27.6412710" lon="75.4085060">
    <ele>543</ele>
   </trkpt>
   <trkpt lat="27.6411320" lon="75.4085290">
    <ele>542</ele>
   </trkpt>
   <trkpt lat="27.6409700" lon="75.4086360">
    <ele>540</ele>
   </trkpt>
   <trkpt lat="27.6408290" lon="75.4087040">
    <ele>540</ele>
   </trkpt>
   <trkpt lat="27.6406920" lon="75.4087270">
    <ele>540</ele>
   </trkpt>
   <trkpt lat="27.6405310" lon="75.4086810">
    <ele>540</ele>
   </trkpt>
   <trkpt lat="27.6402320" lon="75.4085070">
    <ele>539</ele>
   </trkpt>
   <trkpt lat="27.6399060" lon="75.4084060">
    <ele>539</ele>
   </trkpt>
   <trkpt lat="27.6394900" lon="75.4083680">
    <ele>545</ele>
   </trkpt>
   <trkpt lat="27.6392610" lon="75.4082510">
    <ele>550</ele>
   </trkpt>
   <trkpt lat="27.6388670" lon="75.4081320">
    <ele>552</ele>
   </trkpt>
   <trkpt lat="27.6386320" lon="75.4080490">
    <ele>555</ele>
   </trkpt>
   <trkpt lat="27.6385610" lon="75.4080460">
    <ele>555</ele>
   </trkpt>
   <trkpt lat="27.6379570" lon="75.4080180">
    <ele>556</ele>
   </trkpt>
   <trkpt lat="27.6372640" lon="75.4080360">
    <ele>552</ele>
   </trkpt>
   <trkpt lat="27.6370230" lon="75.4080050">
    <ele>553</ele>
   </trkpt>
   <trkpt lat="27.6366130" lon="75.4078590">
    <ele>553</ele>
   </trkpt>
   <trkpt lat="27.6360110" lon="75.4076440">
    <ele>553</ele>
   </trkpt>
   <trkpt lat="27.6359450" lon="75.4076210">
    <ele>553</ele>
   </trkpt>
   <trkpt lat="27.6357700" lon="75.4076020">
    <ele>554</ele>
   </trkpt>
   <trkpt lat="27.6355550" lon="75.4076610">
    <ele>554</ele>
   </trkpt>
   <trkpt lat="27.6354480" lon="75.4076610">
    <ele>555</ele>
   </trkpt>
   <trkpt lat="27.6352890" lon="75.4076040">
    <ele>555</ele>
   </trkpt>
   <trkpt lat="27.6347540" lon="75.4072520">
    <ele>557</ele>
   </trkpt>
   <trkpt lat="27.6345150" lon="75.4071050">
    <ele>559</ele>
   </trkpt>
   <trkpt lat="27.6343340" lon="75.4069950">
    <ele>559</ele>
   </trkpt>
   <trkpt lat="27.6339650" lon="75.4066660">
    <ele>558</ele>
   </trkpt>
   <trkpt lat="27.6336310" lon="75.4062189">
    <ele>554</ele>
   </trkpt>
   <trkpt lat="27.6335590" lon="75.4061360">
    <ele>554</ele>
   </trkpt>
   <trkpt lat="27.6334150" lon="75.4060040">
    <ele>553</ele>
   </trkpt>
   <trkpt lat="27.6330010" lon="75.4056240">
    <ele>558</ele>
   </trkpt>
   <trkpt lat="27.6329130" lon="75.4055390">
    <ele>558</ele>
   </trkpt>
   <trkpt lat="27.6328350" lon="75.4054920">
    <ele>560</ele>
   </trkpt>
   <trkpt lat="27.6327610" lon="75.4054720">
    <ele>560</ele>
   </trkpt>
   <trkpt lat="27.6325150" lon="75.4053980">
    <ele>562</ele>
   </trkpt>
   <trkpt lat="27.6323870" lon="75.4053820">
    <ele>563</ele>
   </trkpt>
   <trkpt lat="27.6323140" lon="75.4053950">
    <ele>563</ele>
   </trkpt>
   <trkpt lat="27.6322260" lon="75.4054190">
    <ele>563</ele>
   </trkpt>
   <trkpt lat="27.6321490" lon="75.4054309">
    <ele>563</ele>
   </trkpt>
   <trkpt lat="27.6320590" lon="75.4054260">
    <ele>564</ele>
   </trkpt>
   <trkpt lat="27.6318380" lon="75.4053670">
    <ele>564</ele>
   </trkpt>
   <trkpt lat="27.6315900" lon="75.4053250">
    <ele>564</ele>
   </trkpt>
   <trkpt lat="27.6313090" lon="75.4052230">
    <ele>563</ele>
   </trkpt>
   <trkpt lat="27.6310920" lon="75.4051710">
    <ele>562</ele>
   </trkpt>
   <trkpt lat="27.6309390" lon="75.4050870">
    <ele>562</ele>
   </trkpt>
   <trkpt lat="27.6308840" lon="75.4050530">
    <ele>562</ele>
   </trkpt>
   <trkpt lat="27.6308190" lon="75.4050680">
    <ele>562</ele>
   </trkpt>
   <trkpt lat="27.6303180" lon="75.4054290">
    <ele>564</ele>
   </trkpt>
   <trkpt lat="27.6302230" lon="75.4054790">
    <ele>564</ele>
   </trkpt>
   <trkpt lat="27.6301530" lon="75.4054710">
    <ele>565</ele>
   </trkpt>
   <trkpt lat="27.6300880" lon="75.4054309">
    <ele>565</ele>
   </trkpt>
   <trkpt lat="27.6298810" lon="75.4052180">
    <ele>565</ele>
   </trkpt>
   <trkpt lat="27.6293610" lon="75.4048490">
    <ele>567</ele>
   </trkpt>
   <trkpt lat="27.6290440" lon="75.4047070">
    <ele>567</ele>
   </trkpt>
   <trkpt lat="27.6289190" lon="75.4046510">
    <ele>566</ele>
   </trkpt>
   <trkpt lat="27.6288270" lon="75.4045730">
    <ele>566</ele>
   </trkpt>
   <trkpt lat="27.6286960" lon="75.4045110">
    <ele>566</ele>
   </trkpt>
   <trkpt lat="27.6286240" lon="75.4045070">
    <ele>567</ele>
   </trkpt>
   <trkpt lat="27.6284560" lon="75.4045310">
    <ele>567</ele>
   </trkpt>
   <trkpt lat="27.6284330" lon="75.4045340">
    <ele>567</ele>
   </trkpt>
   <trkpt lat="27.6283740" lon="75.4045000">
    <ele>567</ele>
   </trkpt>
   <trkpt lat="27.6282980" lon="75.4043260">
    <ele>567</ele>
   </trkpt>
   <trkpt lat="27.6282630" lon="75.4042670">
    <ele>567</ele>
   </trkpt>
   <trkpt lat="27.6281540" lon="75.4040830">
    <ele>568</ele>
   </trkpt>
   <trkpt lat="27.6280650" lon="75.4039890">
    <ele>568</ele>
   </trkpt>
   <trkpt lat="27.6279900" lon="75.4039220">
    <ele>569</ele>
   </trkpt>
   <trkpt lat="27.6279460" lon="75.4038630">
    <ele>569</ele>
   </trkpt>
   <trkpt lat="27.6279190" lon="75.4038030">
    <ele>568</ele>
   </trkpt>
   <trkpt lat="27.6278200" lon="75.4035250">
    <ele>567</ele>
   </trkpt>
   <trkpt lat="27.6277960" lon="75.4034730">
    <ele>567</ele>
   </trkpt>
   <trkpt lat="27.6277730" lon="75.4034300">
    <ele>565</ele>
   </trkpt>
   <trkpt lat="27.6277450" lon="75.4033890">
    <ele>565</ele>
   </trkpt>
   <trkpt lat="27.6274810" lon="75.4031660">
    <ele>566</ele>
   </trkpt>
   <trkpt lat="27.6274550" lon="75.4030870">
    <ele>564</ele>
   </trkpt>
   <trkpt lat="27.6274460" lon="75.4030240">
    <ele>564</ele>
   </trkpt>
   <trkpt lat="27.6274610" lon="75.4029460">
    <ele>563</ele>
   </trkpt>
   <trkpt lat="27.6276490" lon="75.4025520">
    <ele>562</ele>
   </trkpt>
   <trkpt lat="27.6276900" lon="75.4024580">
    <ele>562</ele>
   </trkpt>
   <trkpt lat="27.6277280" lon="75.4023980">
    <ele>561</ele>
   </trkpt>
   <trkpt lat="27.6277880" lon="75.4023770">
    <ele>561</ele>
   </trkpt>
   <trkpt lat="27.6279340" lon="75.4024100">
    <ele>561</ele>
   </trkpt>
   <trkpt lat="27.6280010" lon="75.4024230">
    <ele>561</ele>
   </trkpt>
   <trkpt lat="27.6280850" lon="75.4023780">
    <ele>561</ele>
   </trkpt>
   <trkpt lat="27.6281550" lon="75.4023050">
    <ele>561</ele>
   </trkpt>
   <trkpt lat="27.6282480" lon="75.4022169">
    <ele>561</ele>
   </trkpt>
   <trkpt lat="27.6282830" lon="75.4021690">
    <ele>561</ele>
   </trkpt>
   <trkpt lat="27.6283230" lon="75.4021030">
    <ele>561</ele>
   </trkpt>
   <trkpt lat="27.6283330" lon="75.4020380">
    <ele>562</ele>
   </trkpt>
   <trkpt lat="27.6282670" lon="75.4013910">
    <ele>567</ele>
   </trkpt>
   <trkpt lat="27.6282640" lon="75.4012980">
    <ele>567</ele>
   </trkpt>
   <trkpt lat="27.6282890" lon="75.4012190">
    <ele>568</ele>
   </trkpt>
   <trkpt lat="27.6283260" lon="75.4011529">
    <ele>568</ele>
   </trkpt>
   <trkpt lat="27.6283770" lon="75.4010980">
    <ele>568</ele>
   </trkpt>
   <trkpt lat="27.6284350" lon="75.4010700">
    <ele>568</ele>
   </trkpt>
   <trkpt lat="27.6286370" lon="75.4010290">
    <ele>571</ele>
   </trkpt>
   <trkpt lat="27.6288940" lon="75.4009930">
    <ele>571</ele>
   </trkpt>
   <trkpt lat="27.6290380" lon="75.4009430">
    <ele>571</ele>
   </trkpt>
   <trkpt lat="27.6292100" lon="75.4008020">
    <ele>574</ele>
   </trkpt>
   <trkpt lat="27.6294950" lon="75.4006220">
    <ele>575</ele>
   </trkpt>
   <trkpt lat="27.6295460" lon="75.4005720">
    <ele>575</ele>
   </trkpt>
   <trkpt lat="27.6295880" lon="75.4005100">
    <ele>574</ele>
   </trkpt>
   <trkpt lat="27.6296870" lon="75.4002840">
    <ele>573</ele>
   </trkpt>
   <trkpt lat="27.6297250" lon="75.4002120">
    <ele>573</ele>
   </trkpt>
   <trkpt lat="27.6298940" lon="75.3998950">
    <ele>571</ele>
   </trkpt>
   <trkpt lat="27.6300350" lon="75.3995630">
    <ele>568</ele>
   </trkpt>
   <trkpt lat="27.6301330" lon="75.3992770">
    <ele>567</ele>
   </trkpt>
   <trkpt lat="27.6301870" lon="75.3981560">
    <ele>567</ele>
   </trkpt>
   <trkpt lat="27.6302110" lon="75.3979640">
    <ele>567</ele>
   </trkpt>
   <trkpt lat="27.6302510" lon="75.3978750">
    <ele>567</ele>
   </trkpt>
   <trkpt lat="27.6303830" lon="75.3977910">
    <ele>566</ele>
   </trkpt>
   <trkpt lat="27.6304040" lon="75.3977730">
    <ele>566</ele>
   </trkpt>
   <trkpt lat="27.6305750" lon="75.3976200">
    <ele>566</ele>
   </trkpt>
   <trkpt lat="27.6307930" lon="75.3970779">
    <ele>570</ele>
   </trkpt>
   <trkpt lat="27.6308300" lon="75.3969870">
    <ele>570</ele>
   </trkpt>
   <trkpt lat="27.6309080" lon="75.3969390">
    <ele>570</ele>
   </trkpt>
   <trkpt lat="27.6310210" lon="75.3969480">
    <ele>570</ele>
   </trkpt>
   <trkpt lat="27.6317140" lon="75.3972129">
    <ele>571</ele>
   </trkpt>
   <trkpt lat="27.6320670" lon="75.3972960">
    <ele>570</ele>
   </trkpt>
   <trkpt lat="27.6322760" lon="75.3973010">
    <ele>570</ele>
   </trkpt>
   <trkpt lat="27.6324280" lon="75.3972780">
    <ele>571</ele>
   </trkpt>
   <trkpt lat="27.6328620" lon="75.3970530">
    <ele>573</ele>
   </trkpt>
   <trkpt lat="27.6331040" lon="75.3969670">
    <ele>573</ele>
   </trkpt>
   <trkpt lat="27.6333200" lon="75.3969150">
    <ele>574</ele>
   </trkpt>
   <trkpt lat="27.6335540" lon="75.3968630">
    <ele>577</ele>
   </trkpt>
   <trkpt lat="27.6347670" lon="75.3965750">
    <ele>586</ele>
   </trkpt>
   <trkpt lat="27.6352690" lon="75.3965140">
    <ele>586</ele>
   </trkpt>
   <trkpt lat="27.6357630" lon="75.3964730">
    <ele>589</ele>
   </trkpt>
   <trkpt lat="27.6358820" lon="75.3964570">
    <ele>590</ele>
   </trkpt>
   <trkpt lat="27.6359860" lon="75.3964520">
    <ele>592</ele>
   </trkpt>
   <trkpt lat="27.6362650" lon="75.3965000">
    <ele>597</ele>
   </trkpt>
   <trkpt lat="27.6365440" lon="75.3965510">
    <ele>599</ele>
   </trkpt>
   <trkpt lat="27.6366020" lon="75.3965480">
    <ele>602</ele>
   </trkpt>
   <trkpt lat="27.6366710" lon="75.3965350">
    <ele>602</ele>
   </trkpt>
   <trkpt lat="27.6367920" lon="75.3964640">
    <ele>604</ele>
   </trkpt>
   <trkpt lat="27.6369110" lon="75.3964370">
    <ele>606</ele>
   </trkpt>
   <trkpt lat="27.6372270" lon="75.3964820">
    <ele>610</ele>
   </trkpt>
   <trkpt lat="27.6374290" lon="75.3964770">
    <ele>611</ele>
   </trkpt>
   <trkpt lat="27.6374700" lon="75.3964710">
    <ele>613</ele>
   </trkpt>
   <trkpt lat="27.6375130" lon="75.3964510">
    <ele>613</ele>
   </trkpt>
   <trkpt lat="27.6375390" lon="75.3964200">
    <ele>611</ele>
   </trkpt>
   <trkpt lat="27.6375620" lon="75.3963820">
    <ele>611</ele>
   </trkpt>
   <trkpt lat="27.6375950" lon="75.3962990">
    <ele>611</ele>
   </trkpt>
   <trkpt lat="27.6376690" lon="75.3961800">
    <ele>615</ele>
   </trkpt>
   <trkpt lat="27.6376960" lon="75.3961650">
    <ele>615</ele>
   </trkpt>
   <trkpt lat="27.6377340" lon="75.3961630">
    <ele>615</ele>
   </trkpt>
   <trkpt lat="27.6377550" lon="75.3961780">
    <ele>615</ele>
   </trkpt>
   <trkpt lat="27.6377720" lon="75.3962100">
    <ele>618</ele>
   </trkpt>
   <trkpt lat="27.6377870" lon="75.3964090">
    <ele>617</ele>
   </trkpt>
   <trkpt lat="27.6378040" lon="75.3964280">
    <ele>618</ele>
   </trkpt>
   <trkpt lat="27.6378290" lon="75.3964380">
    <ele>618</ele>
   </trkpt>
   <trkpt lat="27.6378650" lon="75.3964310">
    <ele>618</ele>
   </trkpt>
   <trkpt lat="27.6378960" lon="75.3964030">
    <ele>617</ele>
   </trkpt>
   <trkpt lat="27.6379210" lon="75.3962800">
    <ele>619</ele>
   </trkpt>
   <trkpt lat="27.6379290" lon="75.3962020">
    <ele>620</ele>
   </trkpt>
   <trkpt lat="27.6379540" lon="75.3961570">
    <ele>620</ele>
   </trkpt>
   <trkpt lat="27.6379820" lon="75.3961460">
    <ele>620</ele>
   </trkpt>
   <trkpt lat="27.6380160" lon="75.3961580">
    <ele>620</ele>
   </trkpt>
   <trkpt lat="27.6380520" lon="75.3962140">
    <ele>620</ele>
   </trkpt>
   <trkpt lat="27.6380550" lon="75.3963040">
    <ele>619</ele>
   </trkpt>
   <trkpt lat="27.6380640" lon="75.3964760">
    <ele>620</ele>
   </trkpt>
   <trkpt lat="27.6380770" lon="75.3965140">
    <ele>622</ele>
   </trkpt>
   <trkpt lat="27.6381020" lon="75.3965420">
    <ele>622</ele>
   </trkpt>
   <trkpt lat="27.6381600" lon="75.3965500">
    <ele>622</ele>
   </trkpt>
   <trkpt lat="27.6381890" lon="75.3965210">
    <ele>622</ele>
   </trkpt>
   <trkpt lat="27.6381990" lon="75.3964960">
    <ele>622</ele>
   </trkpt>
   <trkpt lat="27.6382020" lon="75.3964190">
    <ele>622</ele>
   </trkpt>
   <trkpt lat="27.6382090" lon="75.3963620">
    <ele>622</ele>
   </trkpt>
   <trkpt lat="27.6382150" lon="75.3963250">
    <ele>622</ele>
   </trkpt>
   <trkpt lat="27.6382420" lon="75.3962990">
    <ele>625</ele>
   </trkpt>
   <trkpt lat="27.6382720" lon="75.3962860">
    <ele>625</ele>
   </trkpt>
   <trkpt lat="27.6383100" lon="75.3963100">
    <ele>625</ele>
   </trkpt>
   <trkpt lat="27.6383500" lon="75.3964060">
    <ele>625</ele>
   </trkpt>
   <trkpt lat="27.6383890" lon="75.3965550">
    <ele>627</ele>
   </trkpt>
   <trkpt lat="27.6384120" lon="75.3966480">
    <ele>625</ele>
   </trkpt>
   <trkpt lat="27.6384420" lon="75.3966770">
    <ele>625</ele>
   </trkpt>
   <trkpt lat="27.6384800" lon="75.3966850">
    <ele>625</ele>
   </trkpt>
   <trkpt lat="27.6385200" lon="75.3966850">
    <ele>625</ele>
   </trkpt>
   <trkpt lat="27.6385580" lon="75.3966420">
    <ele>626</ele>
   </trkpt>
   <trkpt lat="27.6385650" lon="75.3965920">
    <ele>629</ele>
   </trkpt>
   <trkpt lat="27.6385410" lon="75.3965039">
    <ele>629</ele>
   </trkpt>
   <trkpt lat="27.6385260" lon="75.3964160">
    <ele>631</ele>
   </trkpt>
   <trkpt lat="27.6385310" lon="75.3963610">
    <ele>631</ele>
   </trkpt>
   <trkpt lat="27.6385580" lon="75.3963210">
    <ele>631</ele>
   </trkpt>
   <trkpt lat="27.6385960" lon="75.3963190">
    <ele>631</ele>
   </trkpt>
   <trkpt lat="27.6386360" lon="75.3963290">
    <ele>631</ele>
   </trkpt>
   <trkpt lat="27.6387460" lon="75.3964190">
    <ele>633</ele>
   </trkpt>
   <trkpt lat="27.6388730" lon="75.3965740">
    <ele>631</ele>
   </trkpt>
   <trkpt lat="27.6389390" lon="75.3967260">
    <ele>628</ele>
   </trkpt>
   <trkpt lat="27.6389550" lon="75.3967530">
    <ele>628</ele>
   </trkpt>
   <trkpt lat="27.6389720" lon="75.3967739">
    <ele>628</ele>
   </trkpt>
   <trkpt lat="27.6390090" lon="75.3967890">
    <ele>628</ele>
   </trkpt>
   <trkpt lat="27.6390510" lon="75.3967980">
    <ele>628</ele>
   </trkpt>
   <trkpt lat="27.6391940" lon="75.3967520">
    <ele>628</ele>
   </trkpt>
   <trkpt lat="27.6392520" lon="75.3967100">
    <ele>628</ele>
   </trkpt>
   <trkpt lat="27.6392660" lon="75.3966850">
    <ele>628</ele>
   </trkpt>
   <trkpt lat="27.6392650" lon="75.3966610">
    <ele>628</ele>
   </trkpt>
   <trkpt lat="27.6392600" lon="75.3966389">
    <ele>628</ele>
   </trkpt>
   <trkpt lat="27.6392450" lon="75.3966180">
    <ele>628</ele>
   </trkpt>
   <trkpt lat="27.6391360" lon="75.3965680">
    <ele>631</ele>
   </trkpt>
   <trkpt lat="27.6390620" lon="75.3965200">
    <ele>632</ele>
   </trkpt>
   <trkpt lat="27.6385380" lon="75.3958540">
    <ele>637</ele>
   </trkpt>
   <trkpt lat="27.6384490" lon="75.3957150">
    <ele>633</ele>
   </trkpt>
   <trkpt lat="27.6384520" lon="75.3956760">
    <ele>633</ele>
   </trkpt>
   <trkpt lat="27.6384600" lon="75.3956380">
    <ele>633</ele>
   </trkpt>
   <trkpt lat="27.6384780" lon="75.3956140">
    <ele>633</ele>
   </trkpt>
   <trkpt lat="27.6384980" lon="75.3956030">
    <ele>633</ele>
   </trkpt>
   <trkpt lat="27.6385430" lon="75.3956070">
    <ele>637</ele>
   </trkpt>
   <trkpt lat="27.6385870" lon="75.3956220">
    <ele>637</ele>
   </trkpt>
   <trkpt lat="27.6388810" lon="75.3958480">
    <ele>641</ele>
   </trkpt>
   <trkpt lat="27.6391850" lon="75.3961160">
    <ele>638</ele>
   </trkpt>
   <trkpt lat="27.6392270" lon="75.3961250">
    <ele>638</ele>
   </trkpt>
   <trkpt lat="27.6392570" lon="75.3961099">
    <ele>638</ele>
   </trkpt>
   <trkpt lat="27.6392700" lon="75.3960880">
    <ele>638</ele>
   </trkpt>
   <trkpt lat="27.6392710" lon="75.3960510">
    <ele>641</ele>
   </trkpt>
   <trkpt lat="27.6392290" lon="75.3959470">
    <ele>641</ele>
   </trkpt>
   <trkpt lat="27.6391860" lon="75.3958650">
    <ele>643</ele>
   </trkpt>
   <trkpt lat="27.6391850" lon="75.3958120">
    <ele>643</ele>
   </trkpt>
   <trkpt lat="27.6391940" lon="75.3957940">
    <ele>643</ele>
   </trkpt>
   <trkpt lat="27.6392300" lon="75.3957630">
    <ele>643</ele>
   </trkpt>
   <trkpt lat="27.6392760" lon="75.3957490">
    <ele>643</ele>
   </trkpt>
   <trkpt lat="27.6393390" lon="75.3957340">
    <ele>645</ele>
   </trkpt>
   <trkpt lat="27.6393800" lon="75.3957150">
    <ele>645</ele>
   </trkpt>
   <trkpt lat="27.6393970" lon="75.3956740">
    <ele>645</ele>
   </trkpt>
   <trkpt lat="27.6393960" lon="75.3956310">
    <ele>645</ele>
   </trkpt>
   <trkpt lat="27.6393700" lon="75.3955850">
    <ele>645</ele>
   </trkpt>
   <trkpt lat="27.6391970" lon="75.3953490">
    <ele>653</ele>
   </trkpt>
   <trkpt lat="27.6391740" lon="75.3952490">
    <ele>653</ele>
   </trkpt>
   <trkpt lat="27.6392060" lon="75.3951940">
    <ele>659</ele>
   </trkpt>
   <trkpt lat="27.6392710" lon="75.3952050">
    <ele>659</ele>
   </trkpt>
   <trkpt lat="27.6394200" lon="75.3953260">
    <ele>655</ele>
   </trkpt>
   <trkpt lat="27.6394430" lon="75.3953340">
    <ele>656</ele>
   </trkpt>
   <trkpt lat="27.6395140" lon="75.3953570">
    <ele>656</ele>
   </trkpt>
   <trkpt lat="27.6395730" lon="75.3953380">
    <ele>656</ele>
   </trkpt>
   <trkpt lat="27.6395960" lon="75.3952950">
    <ele>656</ele>
   </trkpt>
   <trkpt lat="27.6395990" lon="75.3952220">
    <ele>656</ele>
   </trkpt>
   <trkpt lat="27.6395830" lon="75.3951870">
    <ele>663</ele>
   </trkpt>
   <trkpt lat="27.6395350" lon="75.3951640">
    <ele>663</ele>
   </trkpt>
   <trkpt lat="27.6393910" lon="75.3951050">
    <ele>661</ele>
   </trkpt>
   <trkpt lat="27.6392870" lon="75.3950210">
    <ele>669</ele>
   </trkpt>
   <trkpt lat="27.6389170" lon="75.3944549">
    <ele>673</ele>
   </trkpt>
   <trkpt lat="27.6383380" lon="75.3936480">
    <ele>677</ele>
   </trkpt>
   <trkpt lat="27.6382440" lon="75.3935220">
    <ele>677</ele>
   </trkpt>
   <trkpt lat="27.6382400" lon="75.3934529">
    <ele>684</ele>
   </trkpt>
   <trkpt lat="27.6382660" lon="75.3934330">
    <ele>684</ele>
   </trkpt>
   <trkpt lat="27.6383680" lon="75.3934620">
    <ele>684</ele>
   </trkpt>
   <trkpt lat="27.6389080" lon="75.3939460">
    <ele>688</ele>
   </trkpt>
   <trkpt lat="27.6390650" lon="75.3941220">
    <ele>689</ele>
   </trkpt>
   <trkpt lat="27.6391070" lon="75.3941610">
    <ele>689</ele>
   </trkpt>
   <trkpt lat="27.6391300" lon="75.3941650">
    <ele>689</ele>
   </trkpt>
   <trkpt lat="27.6391580" lon="75.3941550">
    <ele>694</ele>
   </trkpt>
   <trkpt lat="27.6391710" lon="75.3941310">
    <ele>694</ele>
   </trkpt>
   <trkpt lat="27.6391780" lon="75.3941070">
    <ele>694</ele>
   </trkpt>
   <trkpt lat="27.6391790" lon="75.3940430">
    <ele>694</ele>
   </trkpt>
   <trkpt lat="27.6391700" lon="75.3939989">
    <ele>698</ele>
   </trkpt>
   <trkpt lat="27.6391560" lon="75.3939709">
    <ele>698</ele>
   </trkpt>
   <trkpt lat="27.6389510" lon="75.3937119">
    <ele>691</ele>
   </trkpt>
   <trkpt lat="27.6389160" lon="75.3936690">
    <ele>693</ele>
   </trkpt>
   <trkpt lat="27.6389020" lon="75.3936270">
    <ele>693</ele>
   </trkpt>
   <trkpt lat="27.6388970" lon="75.3935500">
    <ele>693</ele>
   </trkpt>
   <trkpt lat="27.6389130" lon="75.3934890">
    <ele>693</ele>
   </trkpt>
   <trkpt lat="27.6389430" lon="75.3934050">
    <ele>693</ele>
   </trkpt>
   <trkpt lat="27.6389600" lon="75.3933480">
    <ele>693</ele>
   </trkpt>
   <trkpt lat="27.6389860" lon="75.3933170">
    <ele>690</ele>
   </trkpt>
   <trkpt lat="27.6390260" lon="75.3932920">
    <ele>690</ele>
   </trkpt>
   <trkpt lat="27.6390610" lon="75.3932780">
    <ele>690</ele>
   </trkpt>
   <trkpt lat="27.6390940" lon="75.3932760">
    <ele>690</ele>
   </trkpt>
   <trkpt lat="27.6391440" lon="75.3932750">
    <ele>691</ele>
   </trkpt>
   <trkpt lat="27.6391850" lon="75.3932740">
    <ele>691</ele>
   </trkpt>
   <trkpt lat="27.6392060" lon="75.3932530">
    <ele>691</ele>
   </trkpt>
   <trkpt lat="27.6392190" lon="75.3932130">
    <ele>691</ele>
   </trkpt>
   <trkpt lat="27.6392100" lon="75.3931680">
    <ele>691</ele>
   </trkpt>
   <trkpt lat="27.6391910" lon="75.3931470">
    <ele>684</ele>
   </trkpt>
   <trkpt lat="27.6391530" lon="75.3931240">
    <ele>684</ele>
   </trkpt>
   <trkpt lat="27.6390080" lon="75.3931300">
    <ele>683</ele>
   </trkpt>
   <trkpt lat="27.6388790" lon="75.3930840">
    <ele>683</ele>
   </trkpt>
   <trkpt lat="27.6388500" lon="75.3930660">
    <ele>683</ele>
   </trkpt>
   <trkpt lat="27.6388310" lon="75.3930420">
    <ele>683</ele>
   </trkpt>
   <trkpt lat="27.6386580" lon="75.3927700">
    <ele>679</ele>
   </trkpt>
   <trkpt lat="27.6386140" lon="75.3926700">
    <ele>679</ele>
   </trkpt>
   <trkpt lat="27.6385960" lon="75.3926170">
    <ele>672</ele>
   </trkpt>
   <trkpt lat="27.6385750" lon="75.3925530">
    <ele>672</ele>
   </trkpt>
   <trkpt lat="27.6385710" lon="75.3924900">
    <ele>672</ele>
   </trkpt>
   <trkpt lat="27.6385640" lon="75.3923390">
    <ele>670</ele>
   </trkpt>
   <trkpt lat="27.6385900" lon="75.3917370">
    <ele>671</ele>
   </trkpt>
   <trkpt lat="27.6386060" lon="75.3916320">
    <ele>671</ele>
   </trkpt>
   <trkpt lat="27.6386220" lon="75.3916020">
    <ele>672</ele>
   </trkpt>
   <trkpt lat="27.6386290" lon="75.3915920">
    <ele>672</ele>
   </trkpt>
   <trkpt lat="27.6386390" lon="75.3915770">
    <ele>672</ele>
   </trkpt>
   <trkpt lat="27.6386530" lon="75.3915610">
    <ele>672</ele>
   </trkpt>
   <trkpt lat="27.6386780" lon="75.3915449">
    <ele>668</ele>
   </trkpt>
   <trkpt lat="27.6387020" lon="75.3915410">
    <ele>668</ele>
   </trkpt>
   <trkpt lat="27.6387430" lon="75.3915270">
    <ele>668</ele>
   </trkpt>
   <trkpt lat="27.6387580" lon="75.3915169">
    <ele>668</ele>
   </trkpt>
   <trkpt lat="27.6387760" lon="75.3915020">
    <ele>668</ele>
   </trkpt>
   <trkpt lat="27.6387980" lon="75.3914630">
    <ele>668</ele>
   </trkpt>
   <trkpt lat="27.6388220" lon="75.3913890">
    <ele>669</ele>
   </trkpt>
   <trkpt lat="27.6388360" lon="75.3913180">
    <ele>669</ele>
   </trkpt>
   <trkpt lat="27.6388410" lon="75.3912350">
    <ele>671</ele>
   </trkpt>
   <trkpt lat="27.6388570" lon="75.3911620">
    <ele>671</ele>
   </trkpt>
   <trkpt lat="27.6388960" lon="75.3910990">
    <ele>673</ele>
   </trkpt>
   <trkpt lat="27.6389390" lon="75.3910320">
    <ele>673</ele>
   </trkpt>
   <trkpt lat="27.6390190" lon="75.3909590">
    <ele>673</ele>
   </trkpt>
   <trkpt lat="27.6391240" lon="75.3908510">
    <ele>674</ele>
   </trkpt>
   <trkpt lat="27.6392090" lon="75.3907340">
    <ele>680</ele>
   </trkpt>
   <trkpt lat="27.6392320" lon="75.3906740">
    <ele>680</ele>
   </trkpt>
   <trkpt lat="27.6392340" lon="75.3906120">
    <ele>680</ele>
   </trkpt>
   <trkpt lat="27.6392060" lon="75.3905319">
    <ele>680</ele>
   </trkpt>
   <trkpt lat="27.6390450" lon="75.3903200">
    <ele>677</ele>
   </trkpt>
   <trkpt lat="27.6388880" lon="75.3901020">
    <ele>674</ele>
   </trkpt>
   <trkpt lat="27.6388460" lon="75.3900309">
    <ele>674</ele>
   </trkpt>
   <trkpt lat="27.6388260" lon="75.3899740">
    <ele>672</ele>
   </trkpt>
   <trkpt lat="27.6388190" lon="75.3899030">
    <ele>672</ele>
   </trkpt>
   <trkpt lat="27.6388200" lon="75.3898300">
    <ele>672</ele>
   </trkpt>
   <trkpt lat="27.6388460" lon="75.3897540">
    <ele>674</ele>
   </trkpt>
   <trkpt lat="27.6388970" lon="75.3896380">
    <ele>673</ele>
   </trkpt>
   <trkpt lat="27.6389970" lon="75.3893830">
    <ele>673</ele>
   </trkpt>
   <trkpt lat="27.6390680" lon="75.3892320">
    <ele>673</ele>
   </trkpt>
   <trkpt lat="27.6390980" lon="75.3891500">
    <ele>674</ele>
   </trkpt>
   <trkpt lat="27.6391180" lon="75.3890710">
    <ele>674</ele>
   </trkpt>
   <trkpt lat="27.6391300" lon="75.3889980">
    <ele>674</ele>
   </trkpt>
   <trkpt lat="27.6391390" lon="75.3889280">
    <ele>675</ele>
   </trkpt>
   <trkpt lat="27.6391450" lon="75.3888659">
    <ele>676</ele>
   </trkpt>
   <trkpt lat="27.6391550" lon="75.3886750">
    <ele>678</ele>
   </trkpt>
   <trkpt lat="27.6391510" lon="75.3886200">
    <ele>678</ele>
   </trkpt>
   <trkpt lat="27.6391380" lon="75.3885700">
    <ele>678</ele>
   </trkpt>
   <trkpt lat="27.6390490" lon="75.3883510">
    <ele>679</ele>
   </trkpt>
   <trkpt lat="27.6390280" lon="75.3882870">
    <ele>679</ele>
   </trkpt>
   <trkpt lat="27.6390130" lon="75.3882120">
    <ele>679</ele>
   </trkpt>
   <trkpt lat="27.6390050" lon="75.3881270">
    <ele>680</ele>
   </trkpt>
   <trkpt lat="27.6390010" lon="75.3880250">
    <ele>680</ele>
   </trkpt>
   <trkpt lat="27.6390060" lon="75.3879520">
    <ele>680</ele>
   </trkpt>
   <trkpt lat="27.6390290" lon="75.3878800">
    <ele>680</ele>
   </trkpt>
   <trkpt lat="27.6390850" lon="75.3877780">
    <ele>682</ele>
   </trkpt>
   <trkpt lat="27.6391520" lon="75.3876700">
    <ele>682</ele>
   </trkpt>
   <trkpt lat="27.6392290" lon="75.3875490">
    <ele>683</ele>
   </trkpt>
   <trkpt lat="27.6393360" lon="75.3874060">
    <ele>683</ele>
   </trkpt>
   <trkpt lat="27.6394480" lon="75.3872510">
    <ele>683</ele>
   </trkpt>
   <trkpt lat="27.6395170" lon="75.3871480">
    <ele>684</ele>
   </trkpt>
   <trkpt lat="27.6395600" lon="75.3870560">
    <ele>684</ele>
   </trkpt>
   <trkpt lat="27.6395860" lon="75.3869750">
    <ele>685</ele>
   </trkpt>
   <trkpt lat="27.6396100" lon="75.3868360">
    <ele>687</ele>
   </trkpt>
   <trkpt lat="27.6396440" lon="75.3866520">
    <ele>689</ele>
   </trkpt>
   <trkpt lat="27.6396480" lon="75.3865600">
    <ele>691</ele>
   </trkpt>
   <trkpt lat="27.6396290" lon="75.3864910">
    <ele>691</ele>
   </trkpt>
   <trkpt lat="27.6395900" lon="75.3864470">
    <ele>694</ele>
   </trkpt>
   <trkpt lat="27.6395230" lon="75.3863980">
    <ele>692</ele>
   </trkpt>
   <trkpt lat="27.6394420" lon="75.3863550">
    <ele>692</ele>
   </trkpt>
   <trkpt lat="27.6393100" lon="75.3862950">
    <ele>694</ele>
   </trkpt>
   <trkpt lat="27.6391960" lon="75.3862429">
    <ele>692</ele>
   </trkpt>
   <trkpt lat="27.6391530" lon="75.3862150">
    <ele>692</ele>
   </trkpt>
   <trkpt lat="27.6391150" lon="75.3861850">
    <ele>691</ele>
   </trkpt>
   <trkpt lat="27.6390740" lon="75.3861450">
    <ele>691</ele>
   </trkpt>
   <trkpt lat="27.6390410" lon="75.3860950">
    <ele>693</ele>
   </trkpt>
   <trkpt lat="27.6389890" lon="75.3859950">
    <ele>693</ele>
   </trkpt>
   <trkpt lat="27.6389610" lon="75.3859310">
    <ele>693</ele>
   </trkpt>
   <trkpt lat="27.6389300" lon="75.3858540">
    <ele>693</ele>
   </trkpt>
   <trkpt lat="27.6389030" lon="75.3857950">
    <ele>693</ele>
   </trkpt>
   <trkpt lat="27.6388710" lon="75.3857360">
    <ele>693</ele>
   </trkpt>
   <trkpt lat="27.6388250" lon="75.3856660">
    <ele>690</ele>
   </trkpt>
   <trkpt lat="27.6387580" lon="75.3856069">
    <ele>689</ele>
   </trkpt>
   <trkpt lat="27.6386570" lon="75.3855390">
    <ele>688</ele>
   </trkpt>
   <trkpt lat="27.6383990" lon="75.3853610">
    <ele>688</ele>
   </trkpt>
   <trkpt lat="27.6383280" lon="75.3853139">
    <ele>689</ele>
   </trkpt>
   <trkpt lat="27.6382660" lon="75.3852790">
    <ele>689</ele>
   </trkpt>
   <trkpt lat="27.6382100" lon="75.3852610">
    <ele>689</ele>
   </trkpt>
   <trkpt lat="27.6381260" lon="75.3852500">
    <ele>689</ele>
   </trkpt>
   <trkpt lat="27.6379730" lon="75.3852239">
    <ele>690</ele>
   </trkpt>
   <trkpt lat="27.6378500" lon="75.3851900">
    <ele>691</ele>
   </trkpt>
   <trkpt lat="27.6377430" lon="75.3851509">
    <ele>693</ele>
   </trkpt>
   <trkpt lat="27.6373790" lon="75.3849740">
    <ele>696</ele>
   </trkpt>
   <trkpt lat="27.6372370" lon="75.3849040">
    <ele>695</ele>
   </trkpt>
   <trkpt lat="27.6370620" lon="75.3848170">
    <ele>696</ele>
   </trkpt>
   <trkpt lat="27.6364900" lon="75.3846010">
    <ele>700</ele>
   </trkpt>
   <trkpt lat="27.6363920" lon="75.3845520">
    <ele>700</ele>
   </trkpt>
   <trkpt lat="27.6362850" lon="75.3844890">
    <ele>700</ele>
   </trkpt>
   <trkpt lat="27.6361870" lon="75.3844180">
    <ele>703</ele>
   </trkpt>
   <trkpt lat="27.6360990" lon="75.3843500">
    <ele>700</ele>
   </trkpt>
   <trkpt lat="27.6357880" lon="75.3840570">
    <ele>700</ele>
   </trkpt>
   <trkpt lat="27.6357220" lon="75.3839760">
    <ele>703</ele>
   </trkpt>
   <trkpt lat="27.6356750" lon="75.3839110">
    <ele>703</ele>
   </trkpt>
   <trkpt lat="27.6355510" lon="75.3837410">
    <ele>705</ele>
   </trkpt>
   <trkpt lat="27.6354690" lon="75.3836260">
    <ele>707</ele>
   </trkpt>
   <trkpt lat="27.6353460" lon="75.3835290">
    <ele>706</ele>
   </trkpt>
   <trkpt lat="27.6348240" lon="75.3832410">
    <ele>712</ele>
   </trkpt>
   <trkpt lat="27.6341090" lon="75.3828760">
    <ele>722</ele>
   </trkpt>
   <trkpt lat="27.6339470" lon="75.3827900">
    <ele>724</ele>
   </trkpt>
   <trkpt lat="27.6338200" lon="75.3827510">
    <ele>724</ele>
   </trkpt>
   <trkpt lat="27.6337050" lon="75.3827370">
    <ele>724</ele>
   </trkpt>
   <trkpt lat="27.6335560" lon="75.3827170">
    <ele>725</ele>
   </trkpt>
   <trkpt lat="27.6334630" lon="75.3826790">
    <ele>724</ele>
   </trkpt>
   <trkpt lat="27.6333900" lon="75.3826040">
    <ele>724</ele>
   </trkpt>
   <trkpt lat="27.6332290" lon="75.3823580">
    <ele>721</ele>
   </trkpt>
   <trkpt lat="27.6331610" lon="75.3822530">
    <ele>717</ele>
   </trkpt>
   <trkpt lat="27.6330980" lon="75.3821700">
    <ele>718</ele>
   </trkpt>
   <trkpt lat="27.6330350" lon="75.3820990">
    <ele>712</ele>
   </trkpt>
   <trkpt lat="27.6329850" lon="75.3820450">
    <ele>712</ele>
   </trkpt>
   <trkpt lat="27.6329660" lon="75.3819930">
    <ele>712</ele>
   </trkpt>
   <trkpt lat="27.6329600" lon="75.3819369">
    <ele>712</ele>
   </trkpt>
   <trkpt lat="27.6329710" lon="75.3818180">
    <ele>715</ele>
   </trkpt>
   <trkpt lat="27.6329670" lon="75.3817229">
    <ele>715</ele>
   </trkpt>
   <trkpt lat="27.6329530" lon="75.3816640">
    <ele>715</ele>
   </trkpt>
   <trkpt lat="27.6329150" lon="75.3815850">
    <ele>720</ele>
   </trkpt>
   <trkpt lat="27.6322710" lon="75.3807930">
    <ele>711</ele>
   </trkpt>
   <trkpt lat="27.6322210" lon="75.3807260">
    <ele>711</ele>
   </trkpt>
   <trkpt lat="27.6321730" lon="75.3806860">
    <ele>711</ele>
   </trkpt>
   <trkpt lat="27.6321260" lon="75.3806710">
    <ele>703</ele>
   </trkpt>
   <trkpt lat="27.6320860" lon="75.3806740">
    <ele>703</ele>
   </trkpt>
   <trkpt lat="27.6320670" lon="75.3807120">
    <ele>703</ele>
   </trkpt>
   <trkpt lat="27.6320670" lon="75.3807570">
    <ele>703</ele>
   </trkpt>
   <trkpt lat="27.6320780" lon="75.3808010">
    <ele>703</ele>
   </trkpt>
   <trkpt lat="27.6320980" lon="75.3808550">
    <ele>697</ele>
   </trkpt>
   <trkpt lat="27.6321270" lon="75.3809110">
    <ele>697</ele>
   </trkpt>
   <trkpt lat="27.6321860" lon="75.3810290">
    <ele>697</ele>
   </trkpt>
   <trkpt lat="27.6325370" lon="75.3815400">
    <ele>695</ele>
   </trkpt>
   <trkpt lat="27.6325560" lon="75.3815790">
    <ele>695</ele>
   </trkpt>
   <trkpt lat="27.6325620" lon="75.3816060">
    <ele>695</ele>
   </trkpt>
   <trkpt lat="27.6325590" lon="75.3816370">
    <ele>695</ele>
   </trkpt>
   <trkpt lat="27.6325480" lon="75.3816600">
    <ele>695</ele>
   </trkpt>
   <trkpt lat="27.6325310" lon="75.3816890">
    <ele>693</ele>
   </trkpt>
   <trkpt lat="27.6325010" lon="75.3817160">
    <ele>693</ele>
   </trkpt>
   <trkpt lat="27.6324680" lon="75.3817330">
    <ele>693</ele>
   </trkpt>
   <trkpt lat="27.6324220" lon="75.3817440">
    <ele>688</ele>
   </trkpt>
   <trkpt lat="27.6323680" lon="75.3817420">
    <ele>688</ele>
   </trkpt>
   <trkpt lat="27.6323140" lon="75.3817300">
    <ele>688</ele>
   </trkpt>
   <trkpt lat="27.6322600" lon="75.3816870">
    <ele>683</ele>
   </trkpt>
   <trkpt lat="27.6322280" lon="75.3816410">
    <ele>685</ele>
   </trkpt>
   <trkpt lat="27.6321910" lon="75.3815709">
    <ele>685</ele>
   </trkpt>
   <trkpt lat="27.6321360" lon="75.3814359">
    <ele>688</ele>
   </trkpt>
   <trkpt lat="27.6320940" lon="75.3813710">
    <ele>683</ele>
   </trkpt>
   <trkpt lat="27.6320630" lon="75.3813340">
    <ele>683</ele>
   </trkpt>
   <trkpt lat="27.6320060" lon="75.3812729">
    <ele>687</ele>
   </trkpt>
   <trkpt lat="27.6318360" lon="75.3810990">
    <ele>684</ele>
   </trkpt>
   <trkpt lat="27.6318080" lon="75.3810520">
    <ele>677</ele>
   </trkpt>
   <trkpt lat="27.6317790" lon="75.3809960">
    <ele>677</ele>
   </trkpt>
   <trkpt lat="27.6317250" lon="75.3808680">
    <ele>681</ele>
   </trkpt>
   <trkpt lat="27.6316260" lon="75.3806680">
    <ele>676</ele>
   </trkpt>
   <trkpt lat="27.6316020" lon="75.3806230">
    <ele>681</ele>
   </trkpt>
   <trkpt lat="27.6315740" lon="75.3805830">
    <ele>681</ele>
   </trkpt>
   <trkpt lat="27.6315470" lon="75.3805520">
    <ele>681</ele>
   </trkpt>
   <trkpt lat="27.6315190" lon="75.3805210">
    <ele>672</ele>
   </trkpt>
   <trkpt lat="27.6314670" lon="75.3804740">
    <ele>672</ele>
   </trkpt>
   <trkpt lat="27.6314260" lon="75.3804290">
    <ele>677</ele>
   </trkpt>
   <trkpt lat="27.6313820" lon="75.3803720">
    <ele>677</ele>
   </trkpt>
   <trkpt lat="27.6312570" lon="75.3801979">
    <ele>676</ele>
   </trkpt>
   <trkpt lat="27.6312050" lon="75.3801280">
    <ele>667</ele>
   </trkpt>
   <trkpt lat="27.6311690" lon="75.3800860">
    <ele>673</ele>
   </trkpt>
   <trkpt lat="27.6311310" lon="75.3800430">
    <ele>673</ele>
   </trkpt>
   <trkpt lat="27.6309390" lon="75.3798170">
    <ele>671</ele>
   </trkpt>
   <trkpt lat="27.6309100" lon="75.3797740">
    <ele>659</ele>
   </trkpt>
   <trkpt lat="27.6308840" lon="75.3797220">
    <ele>662</ele>
   </trkpt>
   <trkpt lat="27.6308540" lon="75.3796450">
    <ele>662</ele>
   </trkpt>
   <trkpt lat="27.6307280" lon="75.3791750">
    <ele>651</ele>
   </trkpt>
   <trkpt lat="27.6307130" lon="75.3791370">
    <ele>651</ele>
   </trkpt>
   <trkpt lat="27.6306900" lon="75.3791100">
    <ele>651</ele>
   </trkpt>
   <trkpt lat="27.6306580" lon="75.3790960">
    <ele>651</ele>
   </trkpt>
   <trkpt lat="27.6306210" lon="75.3791120">
    <ele>651</ele>
   </trkpt>
   <trkpt lat="27.6306090" lon="75.3791460">
    <ele>642</ele>
   </trkpt>
   <trkpt lat="27.6306090" lon="75.3791860">
    <ele>642</ele>
   </trkpt>
   <trkpt lat="27.6306760" lon="75.3795559">
    <ele>654</ele>
   </trkpt>
   <trkpt lat="27.6307430" lon="75.3798520">
    <ele>647</ele>
   </trkpt>
   <trkpt lat="27.6307700" lon="75.3799350">
    <ele>659</ele>
   </trkpt>
   <trkpt lat="27.6307960" lon="75.3800030">
    <ele>653</ele>
   </trkpt>
   <trkpt lat="27.6308230" lon="75.3800700">
    <ele>653</ele>
   </trkpt>
   <trkpt lat="27.6309300" lon="75.3802900">
    <ele>651</ele>
   </trkpt>
   <trkpt lat="27.6310590" lon="75.3806210">
    <ele>647</ele>
   </trkpt>
   <trkpt lat="27.6310670" lon="75.3806730">
    <ele>643</ele>
   </trkpt>
   <trkpt lat="27.6310670" lon="75.3807000">
    <ele>643</ele>
   </trkpt>
   <trkpt lat="27.6310590" lon="75.3807470">
    <ele>643</ele>
   </trkpt>
   <trkpt lat="27.6310430" lon="75.3807860">
    <ele>643</ele>
   </trkpt>
   <trkpt lat="27.6310170" lon="75.3807999">
    <ele>643</ele>
   </trkpt>
   <trkpt lat="27.6309840" lon="75.3808010">
    <ele>643</ele>
   </trkpt>
   <trkpt lat="27.6309430" lon="75.3807770">
    <ele>643</ele>
   </trkpt>
   <trkpt lat="27.6309100" lon="75.3807400">
    <ele>637</ele>
   </trkpt>
   <trkpt lat="27.6307610" lon="75.3805600">
    <ele>633</ele>
   </trkpt>
   <trkpt lat="27.6307400" lon="75.3805180">
    <ele>633</ele>
   </trkpt>
   <trkpt lat="27.6307160" lon="75.3804460">
    <ele>636</ele>
   </trkpt>
   <trkpt lat="27.6306690" lon="75.3802840">
    <ele>639</ele>
   </trkpt>
   <trkpt lat="27.6306440" lon="75.3802360">
    <ele>639</ele>
   </trkpt>
   <trkpt lat="27.6306100" lon="75.3801870">
    <ele>632</ele>
   </trkpt>
   <trkpt lat="27.6305150" lon="75.3800830">
    <ele>635</ele>
   </trkpt>
   <trkpt lat="27.6304560" lon="75.3800140">
    <ele>628</ele>
   </trkpt>
   <trkpt lat="27.6304180" lon="75.3799590">
    <ele>628</ele>
   </trkpt>
   <trkpt lat="27.6304000" lon="75.3799280">
    <ele>631</ele>
   </trkpt>
   <trkpt lat="27.6303840" lon="75.3798879">
    <ele>631</ele>
   </trkpt>
   <trkpt lat="27.6303600" lon="75.3798100">
    <ele>631</ele>
   </trkpt>
   <trkpt lat="27.6303380" lon="75.3797140">
    <ele>633</ele>
   </trkpt>
   <trkpt lat="27.6303210" lon="75.3796360">
    <ele>633</ele>
   </trkpt>
   <trkpt lat="27.6302700" lon="75.3793610">
    <ele>626</ele>
   </trkpt>
   <trkpt lat="27.6302350" lon="75.3791710">
    <ele>626</ele>
   </trkpt>
   <trkpt lat="27.6302150" lon="75.3791339">
    <ele>626</ele>
   </trkpt>
   <trkpt lat="27.6301900" lon="75.3791240">
    <ele>626</ele>
   </trkpt>
   <trkpt lat="27.6301670" lon="75.3791220">
    <ele>626</ele>
   </trkpt>
   <trkpt lat="27.6301410" lon="75.3791400">
    <ele>619</ele>
   </trkpt>
   <trkpt lat="27.6301240" lon="75.3791770">
    <ele>619</ele>
   </trkpt>
   <trkpt lat="27.6301220" lon="75.3799219">
    <ele>618</ele>
   </trkpt>
   <trkpt lat="27.6301180" lon="75.3799800">
    <ele>616</ele>
   </trkpt>
   <trkpt lat="27.6301090" lon="75.3800380">
    <ele>616</ele>
   </trkpt>
   <trkpt lat="27.6300860" lon="75.3800739">
    <ele>616</ele>
   </trkpt>
   <trkpt lat="27.6300620" lon="75.3800880">
    <ele>616</ele>
   </trkpt>
   <trkpt lat="27.6300210" lon="75.3800940">
    <ele>616</ele>
   </trkpt>
   <trkpt lat="27.6299890" lon="75.3800790">
    <ele>611</ele>
   </trkpt>
   <trkpt lat="27.6299590" lon="75.3800490">
    <ele>611</ele>
   </trkpt>
   <trkpt lat="27.6299430" lon="75.3800100">
    <ele>611</ele>
   </trkpt>
   <trkpt lat="27.6299320" lon="75.3799650">
    <ele>611</ele>
   </trkpt>
   <trkpt lat="27.6298720" lon="75.3795300">
    <ele>612</ele>
   </trkpt>
   <trkpt lat="27.6297900" lon="75.3786680">
    <ele>606</ele>
   </trkpt>
   <trkpt lat="27.6297770" lon="75.3786340">
    <ele>606</ele>
   </trkpt>
   <trkpt lat="27.6297570" lon="75.3786240">
    <ele>606</ele>
   </trkpt>
   <trkpt lat="27.6297310" lon="75.3786230">
    <ele>606</ele>
   </trkpt>
   <trkpt lat="27.6296980" lon="75.3786410">
    <ele>599</ele>
   </trkpt>
   <trkpt lat="27.6296790" lon="75.3786650">
    <ele>599</ele>
   </trkpt>
   <trkpt lat="27.6296670" lon="75.3787090">
    <ele>599</ele>
   </trkpt>
   <trkpt lat="27.6296590" lon="75.3787660">
    <ele>599</ele>
   </trkpt>
   <trkpt lat="27.6296560" lon="75.3788320">
    <ele>599</ele>
   </trkpt>
   <trkpt lat="27.6296490" lon="75.3788910">
    <ele>599</ele>
   </trkpt>
   <trkpt lat="27.6296380" lon="75.3789420">
    <ele>599</ele>
   </trkpt>
   <trkpt lat="27.6295440" lon="75.3792560">
    <ele>594</ele>
   </trkpt>
   <trkpt lat="27.6295130" lon="75.3793230">
    <ele>595</ele>
   </trkpt>
   <trkpt lat="27.6294900" lon="75.3793640">
    <ele>595</ele>
   </trkpt>
   <trkpt lat="27.6294720" lon="75.3793820">
    <ele>595</ele>
   </trkpt>
   <trkpt lat="27.6294530" lon="75.3793910">
    <ele>595</ele>
   </trkpt>
   <trkpt lat="27.6294260" lon="75.3793890">
    <ele>595</ele>
   </trkpt>
   <trkpt lat="27.6293960" lon="75.3793650">
    <ele>590</ele>
   </trkpt>
   <trkpt lat="27.6293820" lon="75.3793190">
    <ele>590</ele>
   </trkpt>
   <trkpt lat="27.6293750" lon="75.3792400">
    <ele>589</ele>
   </trkpt>
   <trkpt lat="27.6293780" lon="75.3791580">
    <ele>589</ele>
   </trkpt>
   <trkpt lat="27.6293870" lon="75.3791010">
    <ele>589</ele>
   </trkpt>
   <trkpt lat="27.6294080" lon="75.3790380">
    <ele>593</ele>
   </trkpt>
   <trkpt lat="27.6294630" lon="75.3788930">
    <ele>593</ele>
   </trkpt>
   <trkpt lat="27.6294680" lon="75.3788480">
    <ele>593</ele>
   </trkpt>
   <trkpt lat="27.6294590" lon="75.3788170">
    <ele>593</ele>
   </trkpt>
   <trkpt lat="27.6294420" lon="75.3787950">
    <ele>593</ele>
   </trkpt>
   <trkpt lat="27.6294120" lon="75.3787810">
    <ele>593</ele>
   </trkpt>
   <trkpt lat="27.6293750" lon="75.3787820">
    <ele>588</ele>
   </trkpt>
   <trkpt lat="27.6293470" lon="75.3787940">
    <ele>588</ele>
   </trkpt>
   <trkpt lat="27.6291490" lon="75.3789240">
    <ele>584</ele>
   </trkpt>
   <trkpt lat="27.6291090" lon="75.3789369">
    <ele>584</ele>
   </trkpt>
   <trkpt lat="27.6290900" lon="75.3789380">
    <ele>580</ele>
   </trkpt>
   <trkpt lat="27.6290710" lon="75.3789340">
    <ele>580</ele>
   </trkpt>
   <trkpt lat="27.6290530" lon="75.3789150">
    <ele>580</ele>
   </trkpt>
   <trkpt lat="27.6290390" lon="75.3788880">
    <ele>580</ele>
   </trkpt>
   <trkpt lat="27.6290350" lon="75.3788620">
    <ele>580</ele>
   </trkpt>
   <trkpt lat="27.6290450" lon="75.3788340">
    <ele>580</ele>
   </trkpt>
   <trkpt lat="27.6290660" lon="75.3788060">
    <ele>580</ele>
   </trkpt>
   <trkpt lat="27.6292010" lon="75.3786990">
    <ele>584</ele>
   </trkpt>
   <trkpt lat="27.6292320" lon="75.3786700">
    <ele>584</ele>
   </trkpt>
   <trkpt lat="27.6292480" lon="75.3786390">
    <ele>588</ele>
   </trkpt>
   <trkpt lat="27.6292540" lon="75.3786040">
    <ele>588</ele>
   </trkpt>
   <trkpt lat="27.6292510" lon="75.3785590">
    <ele>589</ele>
   </trkpt>
   <trkpt lat="27.6292370" lon="75.3785240">
    <ele>585</ele>
   </trkpt>
   <trkpt lat="27.6292150" lon="75.3785020">
    <ele>585</ele>
   </trkpt>
   <trkpt lat="27.6291940" lon="75.3784970">
    <ele>585</ele>
   </trkpt>
   <trkpt lat="27.6291670" lon="75.3785010">
    <ele>585</ele>
   </trkpt>
   <trkpt lat="27.6291260" lon="75.3785320">
    <ele>585</ele>
   </trkpt>
   <trkpt lat="27.6290010" lon="75.3786460">
    <ele>580</ele>
   </trkpt>
   <trkpt lat="27.6289560" lon="75.3786669">
    <ele>580</ele>
   </trkpt>
   <trkpt lat="27.6289330" lon="75.3786750">
    <ele>576</ele>
   </trkpt>
   <trkpt lat="27.6289090" lon="75.3786730">
    <ele>576</ele>
   </trkpt>
   <trkpt lat="27.6288770" lon="75.3786540">
    <ele>576</ele>
   </trkpt>
   <trkpt lat="27.6288470" lon="75.3786140">
    <ele>576</ele>
   </trkpt>
   <trkpt lat="27.6287900" lon="75.3785040">
    <ele>577</ele>
   </trkpt>
   <trkpt lat="27.6286980" lon="75.3783100">
    <ele>574</ele>
   </trkpt>
   <trkpt lat="27.6284590" lon="75.3778040">
    <ele>567</ele>
   </trkpt>
   <trkpt lat="27.6283930" lon="75.3776710">
    <ele>567</ele>
   </trkpt>
   <trkpt lat="27.6283410" lon="75.3775650">
    <ele>567</ele>
   </trkpt>
   <trkpt lat="27.6282960" lon="75.3774830">
    <ele>563</ele>
   </trkpt>
   <trkpt lat="27.6282060" lon="75.3773210">
    <ele>564</ele>
   </trkpt>
   <trkpt lat="27.6281600" lon="75.3772350">
    <ele>561</ele>
   </trkpt>
   <trkpt lat="27.6281180" lon="75.3771320">
    <ele>562</ele>
   </trkpt>
   <trkpt lat="27.6280620" lon="75.3769740">
    <ele>562</ele>
   </trkpt>
   <trkpt lat="27.6279430" lon="75.3766349">
    <ele>561</ele>
   </trkpt>
   <trkpt lat="27.6277880" lon="75.3762250">
    <ele>559</ele>
   </trkpt>
   <trkpt lat="27.6276810" lon="75.3759410">
    <ele>557</ele>
   </trkpt>
   <trkpt lat="27.6276350" lon="75.3758200">
    <ele>556</ele>
   </trkpt>
   <trkpt lat="27.6273110" lon="75.3749969">
    <ele>552</ele>
   </trkpt>
   <trkpt lat="27.6270670" lon="75.3744040">
    <ele>551</ele>
   </trkpt>
   <trkpt lat="27.6269690" lon="75.3741630">
    <ele>552</ele>
   </trkpt>
   <trkpt lat="27.6269370" lon="75.3740960">
    <ele>552</ele>
   </trkpt>
   <trkpt lat="27.6269090" lon="75.3740450">
    <ele>552</ele>
   </trkpt>
   <trkpt lat="27.6268780" lon="75.3739960">
    <ele>552</ele>
   </trkpt>
   <trkpt lat="27.6268410" lon="75.3739490">
    <ele>552</ele>
   </trkpt>
   <trkpt lat="27.6267700" lon="75.3738580">
    <ele>552</ele>
   </trkpt>
   <trkpt lat="27.6265310" lon="75.3735720">
    <ele>555</ele>
   </trkpt>
   <trkpt lat="27.6263780" lon="75.3733660">
    <ele>555</ele>
   </trkpt>
   <trkpt lat="27.6263390" lon="75.3733080">
    <ele>553</ele>
   </trkpt>
   <trkpt lat="27.6263120" lon="75.3732590">
    <ele>553</ele>
   </trkpt>
   <trkpt lat="27.6262860" lon="75.3731959">
    <ele>554</ele>
   </trkpt>
   <trkpt lat="27.6261830" lon="75.3728790">
    <ele>554</ele>
   </trkpt>
   <trkpt lat="27.6259970" lon="75.3723080">
    <ele>552</ele>
   </trkpt>
   <trkpt lat="27.6259070" lon="75.3719629">
    <ele>550</ele>
   </trkpt>
   <trkpt lat="27.6258930" lon="75.3719040">
    <ele>549</ele>
   </trkpt>
   <trkpt lat="27.6258830" lon="75.3718460">
    <ele>548</ele>
   </trkpt>
   <trkpt lat="27.6258690" lon="75.3717620">
    <ele>548</ele>
   </trkpt>
   <trkpt lat="27.6258510" lon="75.3716309">
    <ele>548</ele>
   </trkpt>
   <trkpt lat="27.6258390" lon="75.3715420">
    <ele>548</ele>
   </trkpt>
   <trkpt lat="27.6258130" lon="75.3714450">
    <ele>550</ele>
   </trkpt>
   <trkpt lat="27.6257760" lon="75.3713650">
    <ele>550</ele>
   </trkpt>
   <trkpt lat="27.6257400" lon="75.3712870">
    <ele>549</ele>
   </trkpt>
   <trkpt lat="27.6257030" lon="75.3712170">
    <ele>549</ele>
   </trkpt>
   <trkpt lat="27.6255550" lon="75.3709820">
    <ele>551</ele>
   </trkpt>
   <trkpt lat="27.6255110" lon="75.3709110">
    <ele>551</ele>
   </trkpt>
   <trkpt lat="27.6254520" lon="75.3708240">
    <ele>556</ele>
   </trkpt>
   <trkpt lat="27.6254070" lon="75.3707500">
    <ele>551</ele>
   </trkpt>
   <trkpt lat="27.6252400" lon="75.3704319">
    <ele>554</ele>
   </trkpt>
   <trkpt lat="27.6252120" lon="75.3703700">
    <ele>554</ele>
   </trkpt>
   <trkpt lat="27.6251900" lon="75.3703120">
    <ele>556</ele>
   </trkpt>
   <trkpt lat="27.6251700" lon="75.3702480">
    <ele>556</ele>
   </trkpt>
   <trkpt lat="27.6248920" lon="75.3693050">
    <ele>555</ele>
   </trkpt>
   <trkpt lat="27.6248830" lon="75.3692300">
    <ele>553</ele>
   </trkpt>
   <trkpt lat="27.6248850" lon="75.3691570">
    <ele>553</ele>
   </trkpt>
   <trkpt lat="27.6248990" lon="75.3690770">
    <ele>550</ele>
   </trkpt>
   <trkpt lat="27.6249230" lon="75.3689920">
    <ele>550</ele>
   </trkpt>
   <trkpt lat="27.6249640" lon="75.3689080">
    <ele>548</ele>
   </trkpt>
   <trkpt lat="27.6251210" lon="75.3686980">
    <ele>547</ele>
   </trkpt>
   <trkpt lat="27.6251800" lon="75.3686070">
    <ele>548</ele>
   </trkpt>
   <trkpt lat="27.6252140" lon="75.3685409">
    <ele>548</ele>
   </trkpt>
   <trkpt lat="27.6252360" lon="75.3684860">
    <ele>548</ele>
   </trkpt>
   <trkpt lat="27.6252490" lon="75.3684190">
    <ele>547</ele>
   </trkpt>
   <trkpt lat="27.6252700" lon="75.3682790">
    <ele>547</ele>
   </trkpt>
   <trkpt lat="27.6252870" lon="75.3681510">
    <ele>547</ele>
   </trkpt>
   <trkpt lat="27.6253000" lon="75.3680170">
    <ele>551</ele>
   </trkpt>
   <trkpt lat="27.6253170" lon="75.3679580">
    <ele>551</ele>
   </trkpt>
   <trkpt lat="27.6253360" lon="75.3679020">
    <ele>552</ele>
   </trkpt>
   <trkpt lat="27.6254190" lon="75.3676690">
    <ele>552</ele>
   </trkpt>
   <trkpt lat="27.6254330" lon="75.3676230">
    <ele>552</ele>
   </trkpt>
   <trkpt lat="27.6254410" lon="75.3675800">
    <ele>553</ele>
   </trkpt>
   <trkpt lat="27.6254470" lon="75.3675200">
    <ele>555</ele>
   </trkpt>
   <trkpt lat="27.6254730" lon="75.3671610">
    <ele>554</ele>
   </trkpt>
   <trkpt lat="27.6254790" lon="75.3670960">
    <ele>554</ele>
   </trkpt>
   <trkpt lat="27.6254870" lon="75.3670180">
    <ele>554</ele>
   </trkpt>
   <trkpt lat="27.6255390" lon="75.3667940">
    <ele>554</ele>
   </trkpt>
   <trkpt lat="27.6256840" lon="75.3661690">
    <ele>549</ele>
   </trkpt>
   <trkpt lat="27.6256950" lon="75.3660680">
    <ele>549</ele>
   </trkpt>
   <trkpt lat="27.6256960" lon="75.3659560">
    <ele>548</ele>
   </trkpt>
   <trkpt lat="27.6256790" lon="75.3658350">
    <ele>550</ele>
   </trkpt>
   <trkpt lat="27.6256430" lon="75.3656940">
    <ele>553</ele>
   </trkpt>
   <trkpt lat="27.6255790" lon="75.3655069">
    <ele>555</ele>
   </trkpt>
   <trkpt lat="27.6255050" lon="75.3653500">
    <ele>560</ele>
   </trkpt>
   <trkpt lat="27.6254600" lon="75.3652750">
    <ele>560</ele>
   </trkpt>
   <trkpt lat="27.6254120" lon="75.3652250">
    <ele>556</ele>
   </trkpt>
   <trkpt lat="27.6253420" lon="75.3651690">
    <ele>560</ele>
   </trkpt>
   <trkpt lat="27.6251320" lon="75.3650280">
    <ele>551</ele>
   </trkpt>
   <trkpt lat="27.6250800" lon="75.3649779">
    <ele>553</ele>
   </trkpt>
   <trkpt lat="27.6250290" lon="75.3649200">
    <ele>553</ele>
   </trkpt>
   <trkpt lat="27.6249890" lon="75.3648670">
    <ele>553</ele>
   </trkpt>
   <trkpt lat="27.6249540" lon="75.3648089">
    <ele>549</ele>
   </trkpt>
   <trkpt lat="27.6249080" lon="75.3647230">
    <ele>549</ele>
   </trkpt>
   <trkpt lat="27.6248750" lon="75.3646560">
    <ele>550</ele>
   </trkpt>
   <trkpt lat="27.6248420" lon="75.3645729">
    <ele>550</ele>
   </trkpt>
   <trkpt lat="27.6248150" lon="75.3644970">
    <ele>545</ele>
   </trkpt>
   <trkpt lat="27.6247910" lon="75.3644190">
    <ele>545</ele>
   </trkpt>
   <trkpt lat="27.6247240" lon="75.3642090">
    <ele>545</ele>
   </trkpt>
   <trkpt lat="27.6245140" lon="75.3635910">
    <ele>541</ele>
   </trkpt>
   <trkpt lat="27.6244960" lon="75.3635220">
    <ele>541</ele>
   </trkpt>
   <trkpt lat="27.6244910" lon="75.3634530">
    <ele>542</ele>
   </trkpt>
   <trkpt lat="27.6244920" lon="75.3633650">
    <ele>542</ele>
   </trkpt>
   <trkpt lat="27.6244960" lon="75.3631970">
    <ele>543</ele>
   </trkpt>
   <trkpt lat="27.6244820" lon="75.3622450">
    <ele>543</ele>
   </trkpt>
   <trkpt lat="27.6244870" lon="75.3621510">
    <ele>543</ele>
   </trkpt>
   <trkpt lat="27.6244940" lon="75.3620460">
    <ele>543</ele>
   </trkpt>
   <trkpt lat="27.6245160" lon="75.3618360">
    <ele>543</ele>
   </trkpt>
   <trkpt lat="27.6245140" lon="75.3617520">
    <ele>543</ele>
   </trkpt>
   <trkpt lat="27.6244990" lon="75.3616690">
    <ele>546</ele>
   </trkpt>
   <trkpt lat="27.6244530" lon="75.3615300">
    <ele>550</ele>
   </trkpt>
   <trkpt lat="27.6243910" lon="75.3613980">
    <ele>553</ele>
   </trkpt>
   <trkpt lat="27.6242940" lon="75.3612060">
    <ele>550</ele>
   </trkpt>
   <trkpt lat="27.6242380" lon="75.3611080">
    <ele>550</ele>
   </trkpt>
   <trkpt lat="27.6241710" lon="75.3610130">
    <ele>546</ele>
   </trkpt>
   <trkpt lat="27.6240980" lon="75.3609240">
    <ele>546</ele>
   </trkpt>
   <trkpt lat="27.6240120" lon="75.3608340">
    <ele>546</ele>
   </trkpt>
   <trkpt lat="27.6239170" lon="75.3607430">
    <ele>543</ele>
   </trkpt>
   <trkpt lat="27.6237340" lon="75.3605510">
    <ele>542</ele>
   </trkpt>
   <trkpt lat="27.6237070" lon="75.3605110">
    <ele>544</ele>
   </trkpt>
   <trkpt lat="27.6236780" lon="75.3604610">
    <ele>544</ele>
   </trkpt>
   <trkpt lat="27.6235390" lon="75.3601380">
    <ele>542</ele>
   </trkpt>
   <trkpt lat="27.6231730" lon="75.3591700">
    <ele>532</ele>
   </trkpt>
   <trkpt lat="27.6231170" lon="75.3590350">
    <ele>530</ele>
   </trkpt>
   <trkpt lat="27.6230280" lon="75.3588810">
    <ele>529</ele>
   </trkpt>
   <trkpt lat="27.6229480" lon="75.3587809">
    <ele>528</ele>
   </trkpt>
   <trkpt lat="27.6228490" lon="75.3586970">
    <ele>527</ele>
   </trkpt>
   <trkpt lat="27.6223220" lon="75.3583850">
    <ele>526</ele>
   </trkpt>
   <trkpt lat="27.6221620" lon="75.3582760">
    <ele>524</ele>
   </trkpt>
   <trkpt lat="27.6220720" lon="75.3581619">
    <ele>522</ele>
   </trkpt>
   <trkpt lat="27.6220120" lon="75.3580620">
    <ele>522</ele>
   </trkpt>
   <trkpt lat="27.6219370" lon="75.3579180">
    <ele>521</ele>
   </trkpt>
   <trkpt lat="27.6218610" lon="75.3577800">
    <ele>522</ele>
   </trkpt>
   <trkpt lat="27.6217160" lon="75.3575470">
    <ele>523</ele>
   </trkpt>
   <trkpt lat="27.6215550" lon="75.3573270">
    <ele>524</ele>
   </trkpt>
   <trkpt lat="27.6214330" lon="75.3570470">
    <ele>526</ele>
   </trkpt>
   <trkpt lat="27.6213770" lon="75.3568780">
    <ele>528</ele>
   </trkpt>
   <trkpt lat="27.6213300" lon="75.3567280">
    <ele>526</ele>
   </trkpt>
   <trkpt lat="27.6212630" lon="75.3565600">
    <ele>527</ele>
   </trkpt>
   <trkpt lat="27.6211250" lon="75.3562830">
    <ele>526</ele>
   </trkpt>
   <trkpt lat="27.6209810" lon="75.3560000">
    <ele>526</ele>
   </trkpt>
   <trkpt lat="27.6208510" lon="75.3557710">
    <ele>527</ele>
   </trkpt>
   <trkpt lat="27.6202590" lon="75.3549670">
    <ele>522</ele>
   </trkpt>
   <trkpt lat="27.6201760" lon="75.3548250">
    <ele>522</ele>
   </trkpt>
   <trkpt lat="27.6201630" lon="75.3547640">
    <ele>522</ele>
   </trkpt>
   <trkpt lat="27.6201240" lon="75.3539980">
    <ele>518</ele>
   </trkpt>
   <trkpt lat="27.6201420" lon="75.3532400">
    <ele>521</ele>
   </trkpt>
   <trkpt lat="27.6201530" lon="75.3527310">
    <ele>523</ele>
   </trkpt>
   <trkpt lat="27.6201390" lon="75.3522740">
    <ele>523</ele>
   </trkpt>
   <trkpt lat="27.6200980" lon="75.3519800">
    <ele>523</ele>
   </trkpt>
   <trkpt lat="27.6200760" lon="75.3518790">
    <ele>523</ele>
   </trkpt>
   <trkpt lat="27.6200320" lon="75.3516870">
    <ele>524</ele>
   </trkpt>
   <trkpt lat="27.6199620" lon="75.3514370">
    <ele>525</ele>
   </trkpt>
   <trkpt lat="27.6199330" lon="75.3513490">
    <ele>525</ele>
   </trkpt>
   <trkpt lat="27.6198700" lon="75.3512350">
    <ele>527</ele>
   </trkpt>
   <trkpt lat="27.6197500" lon="75.3510290">
    <ele>527</ele>
   </trkpt>
   <trkpt lat="27.6193940" lon="75.3504370">
    <ele>531</ele>
   </trkpt>
   <trkpt lat="27.6191160" lon="75.3499620">
    <ele>533</ele>
   </trkpt>
   <trkpt lat="27.6188400" lon="75.3494820">
    <ele>535</ele>
   </trkpt>
   <trkpt lat="27.6187810" lon="75.3493310">
    <ele>537</ele>
   </trkpt>
   <trkpt lat="27.6187510" lon="75.3492390">
    <ele>537</ele>
   </trkpt>
   <trkpt lat="27.6187000" lon="75.3491500">
    <ele>536</ele>
   </trkpt>
   <trkpt lat="27.6185610" lon="75.3489500">
    <ele>533</ele>
   </trkpt>
   <trkpt lat="27.6184800" lon="75.3488069">
    <ele>533</ele>
   </trkpt>
   <trkpt lat="27.6184240" lon="75.3486810">
    <ele>529</ele>
   </trkpt>
   <trkpt lat="27.6183520" lon="75.3485090">
    <ele>530</ele>
   </trkpt>
   <trkpt lat="27.6182150" lon="75.3482250">
    <ele>528</ele>
   </trkpt>
   <trkpt lat="27.6181360" lon="75.3480320">
    <ele>526</ele>
   </trkpt>
   <trkpt lat="27.6180150" lon="75.3477430">
    <ele>528</ele>
   </trkpt>
   <trkpt lat="27.6178520" lon="75.3474190">
    <ele>527</ele>
   </trkpt>
   <trkpt lat="27.6177130" lon="75.3471770">
    <ele>524</ele>
   </trkpt>
   <trkpt lat="27.6174910" lon="75.3466430">
    <ele>524</ele>
   </trkpt>
   <trkpt lat="27.6172580" lon="75.3461080">
    <ele>531</ele>
   </trkpt>
   <trkpt lat="27.6172320" lon="75.3460020">
    <ele>531</ele>
   </trkpt>
   <trkpt lat="27.6171780" lon="75.3458740">
    <ele>530</ele>
   </trkpt>
   <trkpt lat="27.6171180" lon="75.3457350">
    <ele>532</ele>
   </trkpt>
   <trkpt lat="27.6170600" lon="75.3456520">
    <ele>528</ele>
   </trkpt>
   <trkpt lat="27.6167480" lon="75.3452700">
    <ele>525</ele>
   </trkpt>
   <trkpt lat="27.6165520" lon="75.3450170">
    <ele>523</ele>
   </trkpt>
   <trkpt lat="27.6164590" lon="75.3448780">
    <ele>523</ele>
   </trkpt>
   <trkpt lat="27.6163700" lon="75.3447300">
    <ele>524</ele>
   </trkpt>
   <trkpt lat="27.6162930" lon="75.3445969">
    <ele>522</ele>
   </trkpt>
   <trkpt lat="27.6161050" lon="75.3443560">
    <ele>523</ele>
   </trkpt>
   <trkpt lat="27.6159290" lon="75.3441460">
    <ele>522</ele>
   </trkpt>
   <trkpt lat="27.6155700" lon="75.3436790">
    <ele>523</ele>
   </trkpt>
   <trkpt lat="27.6154960" lon="75.3435460">
    <ele>521</ele>
   </trkpt>
   <trkpt lat="27.6154060" lon="75.3433470">
    <ele>522</ele>
   </trkpt>
   <trkpt lat="27.6153220" lon="75.3431669">
    <ele>519</ele>
   </trkpt>
   <trkpt lat="27.6152260" lon="75.3430020">
    <ele>517</ele>
   </trkpt>
   <trkpt lat="27.6151900" lon="75.3429330">
    <ele>517</ele>
   </trkpt>
   <trkpt lat="27.6151590" lon="75.3428680">
    <ele>517</ele>
   </trkpt>
   <trkpt lat="27.6151460" lon="75.3428010">
    <ele>517</ele>
   </trkpt>
   <trkpt lat="27.6151480" lon="75.3426790">
    <ele>518</ele>
   </trkpt>
   <trkpt lat="27.6151790" lon="75.3425190">
    <ele>517</ele>
   </trkpt>
   <trkpt lat="27.6152210" lon="75.3422250">
    <ele>517</ele>
   </trkpt>
   <trkpt lat="27.6152380" lon="75.3420970">
    <ele>516</ele>
   </trkpt>
   <trkpt lat="27.6152650" lon="75.3420100">
    <ele>521</ele>
   </trkpt>
   <trkpt lat="27.6153110" lon="75.3418510">
    <ele>521</ele>
   </trkpt>
   <trkpt lat="27.6153130" lon="75.3418020">
    <ele>522</ele>
   </trkpt>
   <trkpt lat="27.6153080" lon="75.3417640">
    <ele>522</ele>
   </trkpt>
   <trkpt lat="27.6152890" lon="75.3416890">
    <ele>522</ele>
   </trkpt>
   <trkpt lat="27.6152630" lon="75.3416400">
    <ele>523</ele>
   </trkpt>
   <trkpt lat="27.6152210" lon="75.3415710">
    <ele>519</ele>
   </trkpt>
   <trkpt lat="27.6150500" lon="75.3413090">
    <ele>519</ele>
   </trkpt>
   <trkpt lat="27.6148940" lon="75.3410730">
    <ele>518</ele>
   </trkpt>
   <trkpt lat="27.6147990" lon="75.3409210">
    <ele>518</ele>
   </trkpt>
   <trkpt lat="27.6147920" lon="75.3409080">
    <ele>516</ele>
   </trkpt>
   <trkpt lat="27.6147420" lon="75.3408120">
    <ele>516</ele>
   </trkpt>
   <trkpt lat="27.6146950" lon="75.3407030">
    <ele>516</ele>
   </trkpt>
   <trkpt lat="27.6146700" lon="75.3406020">
    <ele>516</ele>
   </trkpt>
   <trkpt lat="27.6146520" lon="75.3405400">
    <ele>516</ele>
   </trkpt>
   <trkpt lat="27.6146360" lon="75.3404640">
    <ele>515</ele>
   </trkpt>
   <trkpt lat="27.6146290" lon="75.3403850">
    <ele>515</ele>
   </trkpt>
   <trkpt lat="27.6146270" lon="75.3403290">
    <ele>515</ele>
   </trkpt>
   <trkpt lat="27.6146300" lon="75.3401310">
    <ele>514</ele>
   </trkpt>
   <trkpt lat="27.6146310" lon="75.3400880">
    <ele>513</ele>
   </trkpt>
   <trkpt lat="27.6146340" lon="75.3399990">
    <ele>513</ele>
   </trkpt>
   <trkpt lat="27.6146430" lon="75.3398629">
    <ele>513</ele>
   </trkpt>
   <trkpt lat="27.6146480" lon="75.3395850">
    <ele>519</ele>
   </trkpt>
   <trkpt lat="27.6146510" lon="75.3393860">
    <ele>522</ele>
   </trkpt>
   <trkpt lat="27.6146420" lon="75.3393220">
    <ele>518</ele>
   </trkpt>
   <trkpt lat="27.6146310" lon="75.3392880">
    <ele>518</ele>
   </trkpt>
   <trkpt lat="27.6144460" lon="75.3389560">
    <ele>520</ele>
   </trkpt>
   <trkpt lat="27.6143910" lon="75.3388540">
    <ele>524</ele>
   </trkpt>
   <trkpt lat="27.6142900" lon="75.3386670">
    <ele>523</ele>
   </trkpt>
   <trkpt lat="27.6142140" lon="75.3385210">
    <ele>526</ele>
   </trkpt>
   <trkpt lat="27.6141060" lon="75.3383430">
    <ele>524</ele>
   </trkpt>
   <trkpt lat="27.6140660" lon="75.3382990">
    <ele>524</ele>
   </trkpt>
   <trkpt lat="27.6138260" lon="75.3381150">
    <ele>517</ele>
   </trkpt>
   <trkpt lat="27.6137320" lon="75.3380570">
    <ele>519</ele>
   </trkpt>
   <trkpt lat="27.6136500" lon="75.3380260">
    <ele>514</ele>
   </trkpt>
   <trkpt lat="27.6135380" lon="75.3380140">
    <ele>511</ele>
   </trkpt>
   <trkpt lat="27.6131430" lon="75.3379650">
    <ele>507</ele>
   </trkpt>
   <trkpt lat="27.6128060" lon="75.3378989">
    <ele>504</ele>
   </trkpt>
   <trkpt lat="27.6127140" lon="75.3378730">
    <ele>504</ele>
   </trkpt>
   <trkpt lat="27.6126350" lon="75.3378440">
    <ele>504</ele>
   </trkpt>
   <trkpt lat="27.6125600" lon="75.3378120">
    <ele>504</ele>
   </trkpt>
   <trkpt lat="27.6124520" lon="75.3377520">
    <ele>505</ele>
   </trkpt>
   <trkpt lat="27.6122890" lon="75.3376640">
    <ele>504</ele>
   </trkpt>
   <trkpt lat="27.6121040" lon="75.3375800">
    <ele>503</ele>
   </trkpt>
   <trkpt lat="27.6120640" lon="75.3375640">
    <ele>503</ele>
   </trkpt>
   <trkpt lat="27.6118560" lon="75.3374820">
    <ele>502</ele>
   </trkpt>
   <trkpt lat="27.6117620" lon="75.3374200">
    <ele>502</ele>
   </trkpt>
   <trkpt lat="27.6117070" lon="75.3373600">
    <ele>502</ele>
   </trkpt>
   <trkpt lat="27.6116570" lon="75.3372909">
    <ele>502</ele>
   </trkpt>
   <trkpt lat="27.6116010" lon="75.3371930">
    <ele>504</ele>
   </trkpt>
   <trkpt lat="27.6114760" lon="75.3369740">
    <ele>505</ele>
   </trkpt>
   <trkpt lat="27.6113750" lon="75.3367880">
    <ele>507</ele>
   </trkpt>
   <trkpt lat="27.6112880" lon="75.3366549">
    <ele>507</ele>
   </trkpt>
   <trkpt lat="27.6107520" lon="75.3360850">
    <ele>503</ele>
   </trkpt>
   <trkpt lat="27.6107320" lon="75.3360639">
    <ele>503</ele>
   </trkpt>
   <trkpt lat="27.6106570" lon="75.3360050">
    <ele>503</ele>
   </trkpt>
   <trkpt lat="27.6105480" lon="75.3359350">
    <ele>503</ele>
   </trkpt>
   <trkpt lat="27.6104370" lon="75.3358800">
    <ele>504</ele>
   </trkpt>
   <trkpt lat="27.6103000" lon="75.3358510">
    <ele>505</ele>
   </trkpt>
   <trkpt lat="27.6102160" lon="75.3358530">
    <ele>507</ele>
   </trkpt>
   <trkpt lat="27.6100640" lon="75.3358750">
    <ele>509</ele>
   </trkpt>
   <trkpt lat="27.6099000" lon="75.3359220">
    <ele>511</ele>
   </trkpt>
   <trkpt lat="27.6096410" lon="75.3360040">
    <ele>512</ele>
   </trkpt>
   <trkpt lat="27.6096060" lon="75.3360180">
    <ele>514</ele>
   </trkpt>
   <trkpt lat="27.6095720" lon="75.3360250">
    <ele>514</ele>
   </trkpt>
   <trkpt lat="27.6095110" lon="75.3360330">
    <ele>514</ele>
   </trkpt>
   <trkpt lat="27.6094410" lon="75.3360320">
    <ele>515</ele>
   </trkpt>
   <trkpt lat="27.6094040" lon="75.3360280">
    <ele>515</ele>
   </trkpt>
   <trkpt lat="27.6093620" lon="75.3360189">
    <ele>515</ele>
   </trkpt>
   <trkpt lat="27.6093050" lon="75.3359980">
    <ele>516</ele>
   </trkpt>
   <trkpt lat="27.6091980" lon="75.3359310">
    <ele>516</ele>
   </trkpt>
   <trkpt lat="27.6090390" lon="75.3358270">
    <ele>515</ele>
   </trkpt>
   <trkpt lat="27.6088030" lon="75.3356630">
    <ele>514</ele>
   </trkpt>
   <trkpt lat="27.6084150" lon="75.3353870">
    <ele>508</ele>
   </trkpt>
   <trkpt lat="27.6082190" lon="75.3352500">
    <ele>504</ele>
   </trkpt>
   <trkpt lat="27.6081120" lon="75.3351940">
    <ele>504</ele>
   </trkpt>
   <trkpt lat="27.6079500" lon="75.3351290">
    <ele>505</ele>
   </trkpt>
   <trkpt lat="27.6077990" lon="75.3351010">
    <ele>505</ele>
   </trkpt>
   <trkpt lat="27.6075730" lon="75.3350700">
    <ele>505</ele>
   </trkpt>
   <trkpt lat="27.6074230" lon="75.3350650">
    <ele>506</ele>
   </trkpt>
   <trkpt lat="27.6073040" lon="75.3350730">
    <ele>506</ele>
   </trkpt>
   <trkpt lat="27.6072160" lon="75.3350930">
    <ele>506</ele>
   </trkpt>
   <trkpt lat="27.6070900" lon="75.3351370">
    <ele>505</ele>
   </trkpt>
   <trkpt lat="27.6069440" lon="75.3351880">
    <ele>504</ele>
   </trkpt>
   <trkpt lat="27.6066450" lon="75.3352830">
    <ele>502</ele>
   </trkpt>
   <trkpt lat="27.6065430" lon="75.3353050">
    <ele>500</ele>
   </trkpt>
   <trkpt lat="27.6063970" lon="75.3353230">
    <ele>498</ele>
   </trkpt>
   <trkpt lat="27.6062700" lon="75.3353209">
    <ele>497</ele>
   </trkpt>
   <trkpt lat="27.6061520" lon="75.3353120">
    <ele>497</ele>
   </trkpt>
   <trkpt lat="27.6060490" lon="75.3352830">
    <ele>497</ele>
   </trkpt>
   <trkpt lat="27.6059070" lon="75.3352290">
    <ele>497</ele>
   </trkpt>
   <trkpt lat="27.6057000" lon="75.3351390">
    <ele>498</ele>
   </trkpt>
   <trkpt lat="27.6054940" lon="75.3350410">
    <ele>498</ele>
   </trkpt>
   <trkpt lat="27.6051000" lon="75.3348710">
    <ele>497</ele>
   </trkpt>
   <trkpt lat="27.6046720" lon="75.3346940">
    <ele>497</ele>
   </trkpt>
   <trkpt lat="27.6042920" lon="75.3345290">
    <ele>496</ele>
   </trkpt>
   <trkpt lat="27.6039520" lon="75.3343919">
    <ele>496</ele>
   </trkpt>
   <trkpt lat="27.6036840" lon="75.3342770">
    <ele>496</ele>
   </trkpt>
   <trkpt lat="27.6034170" lon="75.3341790">
    <ele>496</ele>
   </trkpt>
   <trkpt lat="27.6032140" lon="75.3341080">
    <ele>496</ele>
   </trkpt>
   <trkpt lat="27.6030970" lon="75.3340680">
    <ele>496</ele>
   </trkpt>
   <trkpt lat="27.6029910" lon="75.3340300">
    <ele>496</ele>
   </trkpt>
   <trkpt lat="27.6028990" lon="75.3339810">
    <ele>495</ele>
   </trkpt>
   <trkpt lat="27.6027500" lon="75.3339060">
    <ele>496</ele>
   </trkpt>
   <trkpt lat="27.6025810" lon="75.3338060">
    <ele>495</ele>
   </trkpt>
   <trkpt lat="27.6024520" lon="75.3337240">
    <ele>496</ele>
   </trkpt>
   <trkpt lat="27.6022960" lon="75.3336270">
    <ele>495</ele>
   </trkpt>
   <trkpt lat="27.6022120" lon="75.3335710">
    <ele>496</ele>
   </trkpt>
   <trkpt lat="27.6021840" lon="75.3335520">
    <ele>496</ele>
   </trkpt>
   <trkpt lat="27.6011230" lon="75.3328100">
    <ele>491</ele>
   </trkpt>
   <trkpt lat="27.6007650" lon="75.3325760">
    <ele>493</ele>
   </trkpt>
   <trkpt lat="27.6004210" lon="75.3323470">
    <ele>494</ele>
   </trkpt>
   <trkpt lat="27.5997580" lon="75.3319000">
    <ele>492</ele>
   </trkpt>
   <trkpt lat="27.5995530" lon="75.3317469">
    <ele>491</ele>
   </trkpt>
   <trkpt lat="27.5994270" lon="75.3316420">
    <ele>491</ele>
   </trkpt>
   <trkpt lat="27.5993450" lon="75.3315710">
    <ele>491</ele>
   </trkpt>
   <trkpt lat="27.5992750" lon="75.3314940">
    <ele>492</ele>
   </trkpt>
   <trkpt lat="27.5991900" lon="75.3313950">
    <ele>492</ele>
   </trkpt>
   <trkpt lat="27.5990990" lon="75.3312760">
    <ele>492</ele>
   </trkpt>
   <trkpt lat="27.5990490" lon="75.3312090">
    <ele>492</ele>
   </trkpt>
   <trkpt lat="27.5990100" lon="75.3311520">
    <ele>492</ele>
   </trkpt>
   <trkpt lat="27.5989600" lon="75.3310760">
    <ele>492</ele>
   </trkpt>
   <trkpt lat="27.5989160" lon="75.3310010">
    <ele>492</ele>
   </trkpt>
   <trkpt lat="27.5988920" lon="75.3309529">
    <ele>492</ele>
   </trkpt>
   <trkpt lat="27.5988340" lon="75.3308150">
    <ele>492</ele>
   </trkpt>
   <trkpt lat="27.5987880" lon="75.3306810">
    <ele>491</ele>
   </trkpt>
   <trkpt lat="27.5987250" lon="75.3304930">
    <ele>492</ele>
   </trkpt>
   <trkpt lat="27.5986030" lon="75.3302170">
    <ele>492</ele>
   </trkpt>
   <trkpt lat="27.5984420" lon="75.3299720">
    <ele>492</ele>
   </trkpt>
   <trkpt lat="27.5983120" lon="75.3298040">
    <ele>492</ele>
   </trkpt>
   <trkpt lat="27.5981070" lon="75.3295820">
    <ele>491</ele>
   </trkpt>
   <trkpt lat="27.5979420" lon="75.3294180">
    <ele>489</ele>
   </trkpt>
   <trkpt lat="27.5977090" lon="75.3292390">
    <ele>488</ele>
   </trkpt>
   <trkpt lat="27.5973120" lon="75.3289760">
    <ele>487</ele>
   </trkpt>
   <trkpt lat="27.5968620" lon="75.3287120">
    <ele>487</ele>
   </trkpt>
   <trkpt lat="27.5963800" lon="75.3284390">
    <ele>485</ele>
   </trkpt>
   <trkpt lat="27.5960610" lon="75.3282390">
    <ele>484</ele>
   </trkpt>
   <trkpt lat="27.5956900" lon="75.3279910">
    <ele>485</ele>
   </trkpt>
   <trkpt lat="27.5955450" lon="75.3278500">
    <ele>487</ele>
   </trkpt>
   <trkpt lat="27.5954270" lon="75.3277200">
    <ele>491</ele>
   </trkpt>
   <trkpt lat="27.5953640" lon="75.3275980">
    <ele>491</ele>
   </trkpt>
   <trkpt lat="27.5952480" lon="75.3273619">
    <ele>492</ele>
   </trkpt>
   <trkpt lat="27.5951550" lon="75.3272150">
    <ele>492</ele>
   </trkpt>
   <trkpt lat="27.5951080" lon="75.3271600">
    <ele>492</ele>
   </trkpt>
   <trkpt lat="27.5950420" lon="75.3270840">
    <ele>492</ele>
   </trkpt>
   <trkpt lat="27.5949580" lon="75.3270000">
    <ele>492</ele>
   </trkpt>
   <trkpt lat="27.5946180" lon="75.3267180">
    <ele>488</ele>
   </trkpt>
   <trkpt lat="27.5945510" lon="75.3266600">
    <ele>489</ele>
   </trkpt>
   <trkpt lat="27.5944620" lon="75.3265810">
    <ele>489</ele>
   </trkpt>
   <trkpt lat="27.5943480" lon="75.3264650">
    <ele>488</ele>
   </trkpt>
   <trkpt lat="27.5942450" lon="75.3263480">
    <ele>488</ele>
   </trkpt>
   <trkpt lat="27.5939080" lon="75.3259950">
    <ele>488</ele>
   </trkpt>
   <trkpt lat="27.5937880" lon="75.3258660">
    <ele>487</ele>
   </trkpt>
   <trkpt lat="27.5936380" lon="75.3256950">
    <ele>486</ele>
   </trkpt>
   <trkpt lat="27.5935490" lon="75.3255930">
    <ele>486</ele>
   </trkpt>
   <trkpt lat="27.5932760" lon="75.3253170">
    <ele>487</ele>
   </trkpt>
   <trkpt lat="27.5927540" lon="75.3247750">
    <ele>485</ele>
   </trkpt>
   <trkpt lat="27.5926010" lon="75.3245920">
    <ele>485</ele>
   </trkpt>
   <trkpt lat="27.5924420" lon="75.3243930">
    <ele>486</ele>
   </trkpt>
   <trkpt lat="27.5920500" lon="75.3238180">
    <ele>488</ele>
   </trkpt>
   <trkpt lat="27.5919490" lon="75.3236760">
    <ele>489</ele>
   </trkpt>
   <trkpt lat="27.5919130" lon="75.3236170">
    <ele>488</ele>
   </trkpt>
   <trkpt lat="27.5918860" lon="75.3235790">
    <ele>488</ele>
   </trkpt>
   <trkpt lat="27.5917030" lon="75.3232079">
    <ele>489</ele>
   </trkpt>
   <trkpt lat="27.5916690" lon="75.3231390">
    <ele>492</ele>
   </trkpt>
   <trkpt lat="27.5916080" lon="75.3230260">
    <ele>490</ele>
   </trkpt>
   <trkpt lat="27.5914840" lon="75.3228810">
    <ele>491</ele>
   </trkpt>
   <trkpt lat="27.5913600" lon="75.3227670">
    <ele>490</ele>
   </trkpt>
   <trkpt lat="27.5912600" lon="75.3226900">
    <ele>490</ele>
   </trkpt>
   <trkpt lat="27.5910930" lon="75.3226050">
    <ele>488</ele>
   </trkpt>
   <trkpt lat="27.5908880" lon="75.3225260">
    <ele>489</ele>
   </trkpt>
   <trkpt lat="27.5908290" lon="75.3224950">
    <ele>489</ele>
   </trkpt>
   <trkpt lat="27.5902970" lon="75.3222190">
    <ele>488</ele>
   </trkpt>
   <trkpt lat="27.5900820" lon="75.3220400">
    <ele>487</ele>
   </trkpt>
   <trkpt lat="27.5899520" lon="75.3219180">
    <ele>487</ele>
   </trkpt>
   <trkpt lat="27.5897790" lon="75.3217050">
    <ele>487</ele>
   </trkpt>
   <trkpt lat="27.5895810" lon="75.3214850">
    <ele>488</ele>
   </trkpt>
   <trkpt lat="27.5894610" lon="75.3213740">
    <ele>490</ele>
   </trkpt>
   <trkpt lat="27.5893580" lon="75.3212980">
    <ele>491</ele>
   </trkpt>
   <trkpt lat="27.5892510" lon="75.3212290">
    <ele>489</ele>
   </trkpt>
   <trkpt lat="27.5891550" lon="75.3212010">
    <ele>489</ele>
   </trkpt>
   <trkpt lat="27.5885950" lon="75.3210830">
    <ele>490</ele>
   </trkpt>
   <trkpt lat="27.5884650" lon="75.3210370">
    <ele>486</ele>
   </trkpt>
   <trkpt lat="27.5883780" lon="75.3210040">
    <ele>486</ele>
   </trkpt>
   <trkpt lat="27.5882240" lon="75.3209350">
    <ele>487</ele>
   </trkpt>
   <trkpt lat="27.5880850" lon="75.3208560">
    <ele>486</ele>
   </trkpt>
   <trkpt lat="27.5880040" lon="75.3207870">
    <ele>487</ele>
   </trkpt>
   <trkpt lat="27.5879300" lon="75.3207180">
    <ele>486</ele>
   </trkpt>
   <trkpt lat="27.5878830" lon="75.3206590">
    <ele>486</ele>
   </trkpt>
   <trkpt lat="27.5878470" lon="75.3205960">
    <ele>487</ele>
   </trkpt>
   <trkpt lat="27.5875850" lon="75.3200720">
    <ele>486</ele>
   </trkpt>
   <trkpt lat="27.5875060" lon="75.3199090">
    <ele>484</ele>
   </trkpt>
   <trkpt lat="27.5874830" lon="75.3198570">
    <ele>483</ele>
   </trkpt>
   <trkpt lat="27.5873870" lon="75.3196460">
    <ele>483</ele>
   </trkpt>
   <trkpt lat="27.5871910" lon="75.3190890">
    <ele>484</ele>
   </trkpt>
   <trkpt lat="27.5871340" lon="75.3190080">
    <ele>484</ele>
   </trkpt>
   <trkpt lat="27.5868920" lon="75.3187550">
    <ele>487</ele>
   </trkpt>
   <trkpt lat="27.5864070" lon="75.3182850">
    <ele>492</ele>
   </trkpt>
   <trkpt lat="27.5863250" lon="75.3181810">
    <ele>494</ele>
   </trkpt>
   <trkpt lat="27.5862370" lon="75.3180690">
    <ele>494</ele>
   </trkpt>
   <trkpt lat="27.5861510" lon="75.3179770">
    <ele>495</ele>
   </trkpt>
   <trkpt lat="27.5860510" lon="75.3178820">
    <ele>495</ele>
   </trkpt>
   <trkpt lat="27.5859870" lon="75.3178430">
    <ele>494</ele>
   </trkpt>
   <trkpt lat="27.5859010" lon="75.3178030">
    <ele>494</ele>
   </trkpt>
   <trkpt lat="27.5856060" lon="75.3177210">
    <ele>491</ele>
   </trkpt>
   <trkpt lat="27.5852770" lon="75.3176390">
    <ele>490</ele>
   </trkpt>
   <trkpt lat="27.5849830" lon="75.3175560">
    <ele>488</ele>
   </trkpt>
   <trkpt lat="27.5847960" lon="75.3175100">
    <ele>487</ele>
   </trkpt>
   <trkpt lat="27.5845760" lon="75.3174430">
    <ele>484</ele>
   </trkpt>
   <trkpt lat="27.5842310" lon="75.3173460">
    <ele>484</ele>
   </trkpt>
   <trkpt lat="27.5839560" lon="75.3172750">
    <ele>484</ele>
   </trkpt>
   <trkpt lat="27.5838490" lon="75.3172620">
    <ele>485</ele>
   </trkpt>
   <trkpt lat="27.5837250" lon="75.3172640">
    <ele>486</ele>
   </trkpt>
   <trkpt lat="27.5835180" lon="75.3172710">
    <ele>487</ele>
   </trkpt>
   <trkpt lat="27.5834670" lon="75.3172730">
    <ele>487</ele>
   </trkpt>
   <trkpt lat="27.5833910" lon="75.3172670">
    <ele>486</ele>
   </trkpt>
   <trkpt lat="27.5833480" lon="75.3172580">
    <ele>486</ele>
   </trkpt>
   <trkpt lat="27.5833100" lon="75.3172450">
    <ele>486</ele>
   </trkpt>
   <trkpt lat="27.5832810" lon="75.3172280">
    <ele>486</ele>
   </trkpt>
   <trkpt lat="27.5832400" lon="75.3172020">
    <ele>486</ele>
   </trkpt>
   <trkpt lat="27.5831910" lon="75.3171660">
    <ele>486</ele>
   </trkpt>
   <trkpt lat="27.5831240" lon="75.3171080">
    <ele>487</ele>
   </trkpt>
   <trkpt lat="27.5832420" lon="75.3173610">
    <ele>486</ele>
   </trkpt>
   <trkpt lat="27.5832520" lon="75.3174350">
    <ele>486</ele>
   </trkpt>
   <trkpt lat="27.5832490" lon="75.3175930">
    <ele>487</ele>
   </trkpt>
   <trkpt lat="27.5832380" lon="75.3177390">
    <ele>487</ele>
   </trkpt>
   <trkpt lat="27.5832240" lon="75.3179020">
    <ele>488</ele>
   </trkpt>
   <trkpt lat="27.5832340" lon="75.3180890">
    <ele>488</ele>
   </trkpt>
   <trkpt lat="27.5832780" lon="75.3182190">
    <ele>488</ele>
   </trkpt>
   <trkpt lat="27.5832900" lon="75.3182530">
    <ele>488</ele>
   </trkpt>
   <trkpt lat="27.5833610" lon="75.3184510">
    <ele>491</ele>
   </trkpt>
   <trkpt lat="27.5834150" lon="75.3186460">
    <ele>490</ele>
   </trkpt>
   <trkpt lat="27.5835160" lon="75.3189220">
    <ele>491</ele>
   </trkpt>
   <trkpt lat="27.5836520" lon="75.3192310">
    <ele>492</ele>
   </trkpt>
   <trkpt lat="27.5837250" lon="75.3193700">
    <ele>489</ele>
   </trkpt>
   <trkpt lat="27.5838610" lon="75.3195240">
    <ele>490</ele>
   </trkpt>
   <trkpt lat="27.5840450" lon="75.3197000">
    <ele>491</ele>
   </trkpt>
   <trkpt lat="27.5843800" lon="75.3200500">
    <ele>489</ele>
   </trkpt>
   <trkpt lat="27.5846110" lon="75.3202940">
    <ele>488</ele>
   </trkpt>
   <trkpt lat="27.5847010" lon="75.3203950">
    <ele>489</ele>
   </trkpt>
   <trkpt lat="27.5847510" lon="75.3204850">
    <ele>489</ele>
   </trkpt>
   <trkpt lat="27.5848160" lon="75.3206350">
    <ele>487</ele>
   </trkpt>
   <trkpt lat="27.5848240" lon="75.3206720">
    <ele>487</ele>
   </trkpt>
   <trkpt lat="27.5849290" lon="75.3212000">
    <ele>487</ele>
   </trkpt>
   <trkpt lat="27.5849600" lon="75.3213590">
    <ele>486</ele>
   </trkpt>
   <trkpt lat="27.5850830" lon="75.3219809">
    <ele>484</ele>
   </trkpt>
   <trkpt lat="27.5851410" lon="75.3223180">
    <ele>485</ele>
   </trkpt>
   <trkpt lat="27.5851590" lon="75.3224570">
    <ele>485</ele>
   </trkpt>
   <trkpt lat="27.5851690" lon="75.3225500">
    <ele>485</ele>
   </trkpt>
   <trkpt lat="27.5851690" lon="75.3226880">
    <ele>486</ele>
   </trkpt>
   <trkpt lat="27.5851300" lon="75.3229000">
    <ele>486</ele>
   </trkpt>
   <trkpt lat="27.5851150" lon="75.3230050">
    <ele>487</ele>
   </trkpt>
   <trkpt lat="27.5851150" lon="75.3232980">
    <ele>488</ele>
   </trkpt>
   <trkpt lat="27.5851370" lon="75.3234610">
    <ele>492</ele>
   </trkpt>
   <trkpt lat="27.5851690" lon="75.3236960">
    <ele>492</ele>
   </trkpt>
   <trkpt lat="27.5851850" lon="75.3238070">
    <ele>492</ele>
   </trkpt>
   <trkpt lat="27.5852120" lon="75.3239440">
    <ele>491</ele>
   </trkpt>
   <trkpt lat="27.5852810" lon="75.3241620">
    <ele>487</ele>
   </trkpt>
   <trkpt lat="27.5853190" lon="75.3242450">
    <ele>491</ele>
   </trkpt>
   <trkpt lat="27.5853830" lon="75.3243690">
    <ele>489</ele>
   </trkpt>
   <trkpt lat="27.5854510" lon="75.3244680">
    <ele>492</ele>
   </trkpt>
   <trkpt lat="27.5854900" lon="75.3245160">
    <ele>488</ele>
   </trkpt>
   <trkpt lat="27.5855820" lon="75.3246170">
    <ele>488</ele>
   </trkpt>
   <trkpt lat="27.5856330" lon="75.3246690">
    <ele>487</ele>
   </trkpt>
   <trkpt lat="27.5857030" lon="75.3247100">
    <ele>487</ele>
   </trkpt>
   <trkpt lat="27.5857570" lon="75.3247340">
    <ele>488</ele>
   </trkpt>
   <trkpt lat="27.5858280" lon="75.3247600">
    <ele>488</ele>
   </trkpt>
   <trkpt lat="27.5858750" lon="75.3247770">
    <ele>488</ele>
   </trkpt>
   <trkpt lat="27.5859530" lon="75.3248060">
    <ele>489</ele>
   </trkpt>
   <trkpt lat="27.5860300" lon="75.3248250">
    <ele>489</ele>
   </trkpt>
   <trkpt lat="27.5861700" lon="75.3248410">
    <ele>486</ele>
   </trkpt>
   <trkpt lat="27.5862510" lon="75.3248330">
    <ele>487</ele>
   </trkpt>
   <trkpt lat="27.5863670" lon="75.3248160">
    <ele>485</ele>
   </trkpt>
   <trkpt lat="27.5864950" lon="75.3247970">
    <ele>485</ele>
   </trkpt>
   <trkpt lat="27.5867210" lon="75.3247810">
    <ele>484</ele>
   </trkpt>
   <trkpt lat="27.5868180" lon="75.3247810">
    <ele>485</ele>
   </trkpt>
   <trkpt lat="27.5868810" lon="75.3247729">
    <ele>485</ele>
   </trkpt>
   <trkpt lat="27.5869670" lon="75.3247510">
    <ele>486</ele>
   </trkpt>
   <trkpt lat="27.5871240" lon="75.3247120">
    <ele>487</ele>
   </trkpt>
   <trkpt lat="27.5873780" lon="75.3246610">
    <ele>488</ele>
   </trkpt>
   <trkpt lat="27.5874540" lon="75.3246530">
    <ele>488</ele>
   </trkpt>
   <trkpt lat="27.5875060" lon="75.3246510">
    <ele>488</ele>
   </trkpt>
   <trkpt lat="27.5876200" lon="75.3246750">
    <ele>490</ele>
   </trkpt>
   <trkpt lat="27.5877100" lon="75.3247160">
    <ele>490</ele>
   </trkpt>
   <trkpt lat="27.5877980" lon="75.3247810">
    <ele>491</ele>
   </trkpt>
   <trkpt lat="27.5879860" lon="75.3249270">
    <ele>490</ele>
   </trkpt>
   <trkpt lat="27.5882600" lon="75.3251470">
    <ele>487</ele>
   </trkpt>
   <trkpt lat="27.5884070" lon="75.3252620">
    <ele>486</ele>
   </trkpt>
   <trkpt lat="27.5884600" lon="75.3253080">
    <ele>486</ele>
   </trkpt>
   <trkpt lat="27.5885120" lon="75.3253720">
    <ele>486</ele>
   </trkpt>
   <trkpt lat="27.5885570" lon="75.3254450">
    <ele>486</ele>
   </trkpt>
   <trkpt lat="27.5886070" lon="75.3255460">
    <ele>486</ele>
   </trkpt>
   <trkpt lat="27.5887760" lon="75.3257910">
    <ele>489</ele>
   </trkpt>
   <trkpt lat="27.5889540" lon="75.3260210">
    <ele>495</ele>
   </trkpt>
   <trkpt lat="27.5891800" lon="75.3263780">
    <ele>497</ele>
   </trkpt>
   <trkpt lat="27.5893180" lon="75.3266460">
    <ele>493</ele>
   </trkpt>
   <trkpt lat="27.5893720" lon="75.3267800">
    <ele>489</ele>
   </trkpt>
   <trkpt lat="27.5894140" lon="75.3269059">
    <ele>489</ele>
   </trkpt>
   <trkpt lat="27.5894650" lon="75.3270990">
    <ele>488</ele>
   </trkpt>
   <trkpt lat="27.5895330" lon="75.3272600">
    <ele>488</ele>
   </trkpt>
   <trkpt lat="27.5895980" lon="75.3274090">
    <ele>491</ele>
   </trkpt>
   <trkpt lat="27.5897300" lon="75.3276610">
    <ele>492</ele>
   </trkpt>
   <trkpt lat="27.5897910" lon="75.3277750">
    <ele>490</ele>
   </trkpt>
   <trkpt lat="27.5898400" lon="75.3278200">
    <ele>490</ele>
   </trkpt>
   <trkpt lat="27.5899210" lon="75.3278870">
    <ele>492</ele>
   </trkpt>
   <trkpt lat="27.5899350" lon="75.3279220">
    <ele>492</ele>
   </trkpt>
   <trkpt lat="27.5899430" lon="75.3279720">
    <ele>490</ele>
   </trkpt>
   <trkpt lat="27.5899460" lon="75.3281210">
    <ele>488</ele>
   </trkpt>
   <trkpt lat="27.5899460" lon="75.3284220">
    <ele>487</ele>
   </trkpt>
   <trkpt lat="27.5899310" lon="75.3285380">
    <ele>486</ele>
   </trkpt>
   <trkpt lat="27.5899190" lon="75.3285670">
    <ele>486</ele>
   </trkpt>
   <trkpt lat="27.5898820" lon="75.3285830">
    <ele>486</ele>
   </trkpt>
   <trkpt lat="27.5898010" lon="75.3286020">
    <ele>486</ele>
   </trkpt>
   <trkpt lat="27.5898230" lon="75.3286280">
    <ele>485</ele>
   </trkpt>
   <trkpt lat="27.5898410" lon="75.3286710">
    <ele>485</ele>
   </trkpt>
   <trkpt lat="27.5898510" lon="75.3287299">
    <ele>486</ele>
   </trkpt>
   <trkpt lat="27.5898520" lon="75.3291179">
    <ele>486</ele>
   </trkpt>
   <trkpt lat="27.5898630" lon="75.3291700">
    <ele>486</ele>
   </trkpt>
   <trkpt lat="27.5898790" lon="75.3292120">
    <ele>486</ele>
   </trkpt>
   <trkpt lat="27.5900690" lon="75.3294279">
    <ele>487</ele>
   </trkpt>
   <trkpt lat="27.5900790" lon="75.3294750">
    <ele>487</ele>
   </trkpt>
   <trkpt lat="27.5900780" lon="75.3295170">
    <ele>487</ele>
   </trkpt>
   <trkpt lat="27.5899960" lon="75.3298080">
    <ele>486</ele>
   </trkpt>
   <trkpt lat="27.5899670" lon="75.3299130">
    <ele>486</ele>
   </trkpt>
   <trkpt lat="27.5898930" lon="75.3301660">
    <ele>485</ele>
   </trkpt>
   <trkpt lat="27.5898760" lon="75.3302220">
    <ele>485</ele>
   </trkpt>
   <trkpt lat="27.5898450" lon="75.3303470">
    <ele>485</ele>
   </trkpt>
   <trkpt lat="27.5898400" lon="75.3304239">
    <ele>485</ele>
   </trkpt>
   <trkpt lat="27.5898550" lon="75.3304630">
    <ele>485</ele>
   </trkpt>
   <trkpt lat="27.5898790" lon="75.3304900">
    <ele>485</ele>
   </trkpt>
   <trkpt lat="27.5899090" lon="75.3305060">
    <ele>485</ele>
   </trkpt>
   <trkpt lat="27.5900060" lon="75.3305309">
    <ele>486</ele>
   </trkpt>
   <trkpt lat="27.5901780" lon="75.3305630">
    <ele>486</ele>
   </trkpt>
   <trkpt lat="27.5903060" lon="75.3305880">
    <ele>486</ele>
   </trkpt>
   <trkpt lat="27.5905870" lon="75.3306190">
    <ele>487</ele>
   </trkpt>
   <trkpt lat="27.5906080" lon="75.3306250">
    <ele>487</ele>
   </trkpt>
   <trkpt lat="27.5906250" lon="75.3306350">
    <ele>487</ele>
   </trkpt>
   <trkpt lat="27.5906370" lon="75.3306489">
    <ele>487</ele>
   </trkpt>
   <trkpt lat="27.5906410" lon="75.3306640">
    <ele>487</ele>
   </trkpt>
   <trkpt lat="27.5906410" lon="75.3306970">
    <ele>487</ele>
   </trkpt>
   <trkpt lat="27.5906290" lon="75.3308100">
    <ele>487</ele>
   </trkpt>
   <trkpt lat="27.5906230" lon="75.3308799">
    <ele>488</ele>
   </trkpt>
   <trkpt lat="27.5906280" lon="75.3309270">
    <ele>488</ele>
   </trkpt>
   <trkpt lat="27.5906390" lon="75.3309589">
    <ele>488</ele>
   </trkpt>
   <trkpt lat="27.5906630" lon="75.3310030">
    <ele>488</ele>
   </trkpt>
   <trkpt lat="27.5906840" lon="75.3310290">
    <ele>488</ele>
   </trkpt>
   <trkpt lat="27.5907190" lon="75.3310599">
    <ele>488</ele>
   </trkpt>
   <trkpt lat="27.5908130" lon="75.3311049">
    <ele>488</ele>
   </trkpt>
   <trkpt lat="27.5908970" lon="75.3311510">
    <ele>488</ele>
   </trkpt>
   <trkpt lat="27.5909610" lon="75.3311839">
    <ele>489</ele>
   </trkpt>
   <trkpt lat="27.5910580" lon="75.3312480">
    <ele>489</ele>
   </trkpt>
   <trkpt lat="27.5911210" lon="75.3313150">
    <ele>489</ele>
   </trkpt>
   <trkpt lat="27.5911850" lon="75.3314230">
    <ele>489</ele>
   </trkpt>
   <trkpt lat="27.5912080" lon="75.3315100">
    <ele>489</ele>
   </trkpt>
   <trkpt lat="27.5912180" lon="75.3315900">
    <ele>490</ele>
   </trkpt>
   <trkpt lat="27.5911850" lon="75.3317129">
    <ele>489</ele>
   </trkpt>
   <trkpt lat="27.5911530" lon="75.3318260">
    <ele>489</ele>
   </trkpt>
   <trkpt lat="27.5910850" lon="75.3320750">
    <ele>490</ele>
   </trkpt>
   <trkpt lat="27.5909880" lon="75.3326079">
    <ele>490</ele>
   </trkpt>
   <trkpt lat="27.5908170" lon="75.3338690">
    <ele>491</ele>
   </trkpt>
   <trkpt lat="27.5906720" lon="75.3348360">
    <ele>491</ele>
   </trkpt>
   <trkpt lat="27.5906160" lon="75.3352190">
    <ele>490</ele>
   </trkpt>
   <trkpt lat="27.5905740" lon="75.3354270">
    <ele>490</ele>
   </trkpt>
   <trkpt lat="27.5905530" lon="75.3355750">
    <ele>490</ele>
   </trkpt>
   <trkpt lat="27.5905400" lon="75.3356910">
    <ele>490</ele>
   </trkpt>
   <trkpt lat="27.5905280" lon="75.3358300">
    <ele>490</ele>
   </trkpt>
   <trkpt lat="27.5905200" lon="75.3361539">
    <ele>491</ele>
   </trkpt>
   <trkpt lat="27.5905100" lon="75.3364810">
    <ele>492</ele>
   </trkpt>
   <trkpt lat="27.5904330" lon="75.3396600">
    <ele>488</ele>
   </trkpt>
   <trkpt lat="27.5904330" lon="75.3409280">
    <ele>489</ele>
   </trkpt>
   <trkpt lat="27.5904040" lon="75.3417830">
    <ele>492</ele>
   </trkpt>
   <trkpt lat="27.5904030" lon="75.3429040">
    <ele>493</ele>
   </trkpt>
   <trkpt lat="27.5903930" lon="75.3438790">
    <ele>493</ele>
   </trkpt>
   <trkpt lat="27.5903950" lon="75.3447300">
    <ele>497</ele>
   </trkpt>
   <trkpt lat="27.5903720" lon="75.3459960">
    <ele>499</ele>
   </trkpt>
   <trkpt lat="27.5903760" lon="75.3468740">
    <ele>494</ele>
   </trkpt>
   <trkpt lat="27.5903660" lon="75.3473590">
    <ele>496</ele>
   </trkpt>
   <trkpt lat="27.5903480" lon="75.3479560">
    <ele>500</ele>
   </trkpt>
   <trkpt lat="27.5903460" lon="75.3485400">
    <ele>498</ele>
   </trkpt>
   <trkpt lat="27.5903360" lon="75.3488490">
    <ele>498</ele>
   </trkpt>
   <trkpt lat="27.5903120" lon="75.3490620">
    <ele>497</ele>
   </trkpt>
   <trkpt lat="27.5902650" lon="75.3492500">
    <ele>497</ele>
   </trkpt>
   <trkpt lat="27.5901550" lon="75.3495320">
    <ele>497</ele>
   </trkpt>
   <trkpt lat="27.5900620" lon="75.3497900">
    <ele>498</ele>
   </trkpt>
   <trkpt lat="27.5899410" lon="75.3501400">
    <ele>497</ele>
   </trkpt>
   <trkpt lat="27.5897810" lon="75.3506480">
    <ele>496</ele>
   </trkpt>
   <trkpt lat="27.5896010" lon="75.3511640">
    <ele>496</ele>
   </trkpt>
   <trkpt lat="27.5894620" lon="75.3515750">
    <ele>496</ele>
   </trkpt>
   <trkpt lat="27.5893710" lon="75.3518519">
    <ele>495</ele>
   </trkpt>
   <trkpt lat="27.5893220" lon="75.3519970">
    <ele>494</ele>
   </trkpt>
   <trkpt lat="27.5892920" lon="75.3521030">
    <ele>494</ele>
   </trkpt>
   <trkpt lat="27.5892760" lon="75.3521920">
    <ele>493</ele>
   </trkpt>
   <trkpt lat="27.5892580" lon="75.3523490">
    <ele>493</ele>
   </trkpt>
   <trkpt lat="27.5892550" lon="75.3524380">
    <ele>493</ele>
   </trkpt>
   <trkpt lat="27.5892620" lon="75.3525340">
    <ele>493</ele>
   </trkpt>
   <trkpt lat="27.5892800" lon="75.3526790">
    <ele>493</ele>
   </trkpt>
   <trkpt lat="27.5893070" lon="75.3528210">
    <ele>493</ele>
   </trkpt>
   <trkpt lat="27.5893490" lon="75.3530830">
    <ele>493</ele>
   </trkpt>
   <trkpt lat="27.5893650" lon="75.3532400">
    <ele>493</ele>
   </trkpt>
   <trkpt lat="27.5893820" lon="75.3533470">
    <ele>493</ele>
   </trkpt>
   <trkpt lat="27.5894030" lon="75.3534470">
    <ele>494</ele>
   </trkpt>
   <trkpt lat="27.5894470" lon="75.3535730">
    <ele>493</ele>
   </trkpt>
   <trkpt lat="27.5895390" lon="75.3537860">
    <ele>493</ele>
   </trkpt>
   <trkpt lat="27.5898250" lon="75.3543090">
    <ele>497</ele>
   </trkpt>
   <trkpt lat="27.5898780" lon="75.3544310">
    <ele>501</ele>
   </trkpt>
   <trkpt lat="27.5899160" lon="75.3545630">
    <ele>501</ele>
   </trkpt>
   <trkpt lat="27.5899360" lon="75.3546990">
    <ele>501</ele>
   </trkpt>
   <trkpt lat="27.5899530" lon="75.3549230">
    <ele>499</ele>
   </trkpt>
   <trkpt lat="27.5899540" lon="75.3551210">
    <ele>498</ele>
   </trkpt>
   <trkpt lat="27.5899560" lon="75.3552450">
    <ele>497</ele>
   </trkpt>
   <trkpt lat="27.5899610" lon="75.3555280">
    <ele>496</ele>
   </trkpt>
   <trkpt lat="27.5899550" lon="75.3557900">
    <ele>495</ele>
   </trkpt>
   <trkpt lat="27.5899560" lon="75.3559720">
    <ele>495</ele>
   </trkpt>
   <trkpt lat="27.5899530" lon="75.3561890">
    <ele>495</ele>
   </trkpt>
   <trkpt lat="27.5899570" lon="75.3563820">
    <ele>494</ele>
   </trkpt>
   <trkpt lat="27.5899910" lon="75.3567920">
    <ele>493</ele>
   </trkpt>
   <trkpt lat="27.5900000" lon="75.3569670">
    <ele>492</ele>
   </trkpt>
   <trkpt lat="27.5900190" lon="75.3571210">
    <ele>491</ele>
   </trkpt>
   <trkpt lat="27.5900230" lon="75.3572900">
    <ele>490</ele>
   </trkpt>
   <trkpt lat="27.5899970" lon="75.3574919">
    <ele>490</ele>
   </trkpt>
   <trkpt lat="27.5899730" lon="75.3575470">
    <ele>490</ele>
   </trkpt>
   <trkpt lat="27.5899140" lon="75.3576010">
    <ele>490</ele>
   </trkpt>
   <trkpt lat="27.5898600" lon="75.3576240">
    <ele>490</ele>
   </trkpt>
   <trkpt lat="27.5897610" lon="75.3576360">
    <ele>490</ele>
   </trkpt>
   <trkpt lat="27.5894460" lon="75.3576380">
    <ele>490</ele>
   </trkpt>
   <trkpt lat="27.5894530" lon="75.3581060">
    <ele>491</ele>
   </trkpt>
   <trkpt lat="27.5894580" lon="75.3584939">
    <ele>489</ele>
   </trkpt>
   <trkpt lat="27.5893710" lon="75.3584850">
    <ele>489</ele>
   </trkpt>
   <trkpt lat="27.5889830" lon="75.3584190">
    <ele>490</ele>
   </trkpt>
   <trkpt lat="27.5889900" lon="75.3584690">
    <ele>490</ele>
   </trkpt>
   <trkpt lat="27.5889920" lon="75.3585219">
    <ele>490</ele>
   </trkpt>
   <trkpt lat="27.5889860" lon="75.3586180">
    <ele>490</ele>
   </trkpt>
   <trkpt lat="27.5889750" lon="75.3587079">
    <ele>490</ele>
   </trkpt>
   <trkpt lat="27.5889520" lon="75.3587800">
    <ele>490</ele>
   </trkpt>
   <trkpt lat="27.5889000" lon="75.3589000">
    <ele>491</ele>
   </trkpt>
   <trkpt lat="27.5888670" lon="75.3590000">
    <ele>491</ele>
   </trkpt>
   <trkpt lat="27.5888420" lon="75.3591200">
    <ele>491</ele>
   </trkpt>
   <trkpt lat="27.5888240" lon="75.3592170">
    <ele>492</ele>
   </trkpt>
   <trkpt lat="27.5888170" lon="75.3593120">
    <ele>492</ele>
   </trkpt>
   <trkpt lat="27.5888110" lon="75.3593829">
    <ele>493</ele>
   </trkpt>
   <trkpt lat="27.5888090" lon="75.3597379">
    <ele>494</ele>
   </trkpt>
   <trkpt lat="27.5887970" lon="75.3597900">
    <ele>494</ele>
   </trkpt>
   <trkpt lat="27.5887780" lon="75.3598330">
    <ele>493</ele>
   </trkpt>
   <trkpt lat="27.5886500" lon="75.3601709">
    <ele>495</ele>
   </trkpt>
   <trkpt lat="27.5886110" lon="75.3603050">
    <ele>496</ele>
   </trkpt>
   <trkpt lat="27.5886030" lon="75.3604070">
    <ele>497</ele>
   </trkpt>
   <trkpt lat="27.5886000" lon="75.3605660">
    <ele>498</ele>
   </trkpt>
   <trkpt lat="27.5885920" lon="75.3607150">
    <ele>498</ele>
   </trkpt>
   <trkpt lat="27.5885730" lon="75.3608330">
    <ele>500</ele>
   </trkpt>
   <trkpt lat="27.5885310" lon="75.3609770">
    <ele>501</ele>
   </trkpt>
   <trkpt lat="27.5884740" lon="75.3611860">
    <ele>499</ele>
   </trkpt>
   <trkpt lat="27.5883850" lon="75.3615600">
    <ele>503</ele>
   </trkpt>
   <trkpt lat="27.5883310" lon="75.3619260">
    <ele>509</ele>
   </trkpt>
   <trkpt lat="27.5883120" lon="75.3620940">
    <ele>506</ele>
   </trkpt>
   <trkpt lat="27.5882990" lon="75.3622490">
    <ele>506</ele>
   </trkpt>
   <trkpt lat="27.5882850" lon="75.3623620">
    <ele>505</ele>
   </trkpt>
   <trkpt lat="27.5882650" lon="75.3624950">
    <ele>504</ele>
   </trkpt>
   <trkpt lat="27.5882360" lon="75.3626500">
    <ele>502</ele>
   </trkpt>
   <trkpt lat="27.5882210" lon="75.3628350">
    <ele>501</ele>
   </trkpt>
   <trkpt lat="27.5882080" lon="75.3631990">
    <ele>502</ele>
   </trkpt>
   <trkpt lat="27.5882080" lon="75.3635680">
    <ele>503</ele>
   </trkpt>
   <trkpt lat="27.5882150" lon="75.3638870">
    <ele>502</ele>
   </trkpt>
   <trkpt lat="27.5882350" lon="75.3642270">
    <ele>501</ele>
   </trkpt>
   <trkpt lat="27.5882850" lon="75.3645720">
    <ele>500</ele>
   </trkpt>
   <trkpt lat="27.5883560" lon="75.3649180">
    <ele>502</ele>
   </trkpt>
   <trkpt lat="27.5884310" lon="75.3651930">
    <ele>500</ele>
   </trkpt>
   <trkpt lat="27.5885100" lon="75.3653790">
    <ele>502</ele>
   </trkpt>
   <trkpt lat="27.5886340" lon="75.3655900">
    <ele>504</ele>
   </trkpt>
   <trkpt lat="27.5888730" lon="75.3658720">
    <ele>503</ele>
   </trkpt>
   <trkpt lat="27.5891670" lon="75.3661530">
    <ele>507</ele>
   </trkpt>
   <trkpt lat="27.5894090" lon="75.3663950">
    <ele>507</ele>
   </trkpt>
   <trkpt lat="27.5894840" lon="75.3664670">
    <ele>507</ele>
   </trkpt>
   <trkpt lat="27.5895700" lon="75.3665220">
    <ele>509</ele>
   </trkpt>
   <trkpt lat="27.5896830" lon="75.3665720">
    <ele>505</ele>
   </trkpt>
   <trkpt lat="27.5898490" lon="75.3666250">
    <ele>506</ele>
   </trkpt>
   <trkpt lat="27.5905080" lon="75.3668140">
    <ele>502</ele>
   </trkpt>
   <trkpt lat="27.5912050" lon="75.3669970">
    <ele>501</ele>
   </trkpt>
   <trkpt lat="27.5918120" lon="75.3671560">
    <ele>503</ele>
   </trkpt>
   <trkpt lat="27.5921270" lon="75.3672380">
    <ele>501</ele>
   </trkpt>
   <trkpt lat="27.5922450" lon="75.3672700">
    <ele>501</ele>
   </trkpt>
   <trkpt lat="27.5923670" lon="75.3673050">
    <ele>501</ele>
   </trkpt>
   <trkpt lat="27.5924900" lon="75.3673630">
    <ele>501</ele>
   </trkpt>
   <trkpt lat="27.5926080" lon="75.3674380">
    <ele>501</ele>
   </trkpt>
   <trkpt lat="27.5928960" lon="75.3676900">
    <ele>500</ele>
   </trkpt>
   <trkpt lat="27.5930060" lon="75.3677970">
    <ele>501</ele>
   </trkpt>
   <trkpt lat="27.5932530" lon="75.3680370">
    <ele>501</ele>
   </trkpt>
   <trkpt lat="27.5933130" lon="75.3680990">
    <ele>501</ele>
   </trkpt>
   <trkpt lat="27.5933880" lon="75.3681960">
    <ele>502</ele>
   </trkpt>
   <trkpt lat="27.5934250" lon="75.3682920">
    <ele>504</ele>
   </trkpt>
   <trkpt lat="27.5934470" lon="75.3684280">
    <ele>504</ele>
   </trkpt>
   <trkpt lat="27.5936700" lon="75.3715129">
    <ele>510</ele>
   </trkpt>
   <trkpt lat="27.5938830" lon="75.3733670">
    <ele>512</ele>
   </trkpt>
   <trkpt lat="27.5939490" lon="75.3740490">
    <ele>508</ele>
   </trkpt>
   <trkpt lat="27.5941910" lon="75.3761650">
    <ele>512</ele>
   </trkpt>
   <trkpt lat="27.5941870" lon="75.3763440">
    <ele>511</ele>
   </trkpt>
   <trkpt lat="27.5941630" lon="75.3764870">
    <ele>511</ele>
   </trkpt>
   <trkpt lat="27.5941260" lon="75.3766690">
    <ele>510</ele>
   </trkpt>
   <trkpt lat="27.5936620" lon="75.3784920">
    <ele>510</ele>
   </trkpt>
   <trkpt lat="27.5936020" lon="75.3787300">
    <ele>510</ele>
   </trkpt>
   <trkpt lat="27.5935200" lon="75.3790960">
    <ele>513</ele>
   </trkpt>
   <trkpt lat="27.5934490" lon="75.3794770">
    <ele>510</ele>
   </trkpt>
   <trkpt lat="27.5933830" lon="75.3797590">
    <ele>510</ele>
   </trkpt>
   <trkpt lat="27.5933380" lon="75.3799949">
    <ele>509</ele>
   </trkpt>
   <trkpt lat="27.5933290" lon="75.3801290">
    <ele>509</ele>
   </trkpt>
   <trkpt lat="27.5933460" lon="75.3802539">
    <ele>509</ele>
   </trkpt>
   <trkpt lat="27.5933830" lon="75.3804120">
    <ele>510</ele>
   </trkpt>
   <trkpt lat="27.5934410" lon="75.3805970">
    <ele>509</ele>
   </trkpt>
   <trkpt lat="27.5935640" lon="75.3808540">
    <ele>509</ele>
   </trkpt>
   <trkpt lat="27.5936260" lon="75.3810200">
    <ele>508</ele>
   </trkpt>
   <trkpt lat="27.5936590" lon="75.3811570">
    <ele>509</ele>
   </trkpt>
   <trkpt lat="27.5936730" lon="75.3812770">
    <ele>509</ele>
   </trkpt>
   <trkpt lat="27.5936710" lon="75.3814150">
    <ele>509</ele>
   </trkpt>
   <trkpt lat="27.5936500" lon="75.3816510">
    <ele>508</ele>
   </trkpt>
   <trkpt lat="27.5935190" lon="75.3825370">
    <ele>507</ele>
   </trkpt>
   <trkpt lat="27.5934460" lon="75.3829910">
    <ele>506</ele>
   </trkpt>
   <trkpt lat="27.5934300" lon="75.3831800">
    <ele>506</ele>
   </trkpt>
   <trkpt lat="27.5934300" lon="75.3833130">
    <ele>506</ele>
   </trkpt>
   <trkpt lat="27.5934520" lon="75.3834399">
    <ele>505</ele>
   </trkpt>
   <trkpt lat="27.5935070" lon="75.3836250">
    <ele>506</ele>
   </trkpt>
   <trkpt lat="27.5937160" lon="75.3842570">
    <ele>504</ele>
   </trkpt>
   <trkpt lat="27.5939020" lon="75.3848170">
    <ele>503</ele>
   </trkpt>
   <trkpt lat="27.5939800" lon="75.3850550">
    <ele>503</ele>
   </trkpt>
   <trkpt lat="27.5944430" lon="75.3866040">
    <ele>502</ele>
   </trkpt>
   <trkpt lat="27.5944850" lon="75.3867870">
    <ele>502</ele>
   </trkpt>
   <trkpt lat="27.5945390" lon="75.3870479">
    <ele>503</ele>
   </trkpt>
   <trkpt lat="27.5945630" lon="75.3872290">
    <ele>504</ele>
   </trkpt>
   <trkpt lat="27.5945870" lon="75.3874900">
    <ele>504</ele>
   </trkpt>
   <trkpt lat="27.5946290" lon="75.3879160">
    <ele>504</ele>
   </trkpt>
   <trkpt lat="27.5946880" lon="75.3886660">
    <ele>501</ele>
   </trkpt>
   <trkpt lat="27.5947780" lon="75.3894590">
    <ele>503</ele>
   </trkpt>
   <trkpt lat="27.5947950" lon="75.3895880">
    <ele>503</ele>
   </trkpt>
   <trkpt lat="27.5948250" lon="75.3897690">
    <ele>504</ele>
   </trkpt>
   <trkpt lat="27.5948630" lon="75.3899650">
    <ele>504</ele>
   </trkpt>
   <trkpt lat="27.5949330" lon="75.3903780">
    <ele>503</ele>
   </trkpt>
   <trkpt lat="27.5950790" lon="75.3911270">
    <ele>503</ele>
   </trkpt>
   <trkpt lat="27.5952570" lon="75.3922190">
    <ele>504</ele>
   </trkpt>
   <trkpt lat="27.5954460" lon="75.3932610">
    <ele>502</ele>
   </trkpt>
   <trkpt lat="27.5956330" lon="75.3943020">
    <ele>498</ele>
   </trkpt>
   <trkpt lat="27.5958160" lon="75.3954220">
    <ele>502</ele>
   </trkpt>
   <trkpt lat="27.5958860" lon="75.3958210">
    <ele>500</ele>
   </trkpt>
   <trkpt lat="27.5959480" lon="75.3961379">
    <ele>499</ele>
   </trkpt>
   <trkpt lat="27.5960000" lon="75.3963320">
    <ele>499</ele>
   </trkpt>
   <trkpt lat="27.5960580" lon="75.3965000">
    <ele>499</ele>
   </trkpt>
   <trkpt lat="27.5961410" lon="75.3967140">
    <ele>499</ele>
   </trkpt>
   <trkpt lat="27.5962990" lon="75.3970980">
    <ele>498</ele>
   </trkpt>
   <trkpt lat="27.5964690" lon="75.3975400">
    <ele>497</ele>
   </trkpt>
   <trkpt lat="27.5966350" lon="75.3979650">
    <ele>497</ele>
   </trkpt>
   <trkpt lat="27.5967210" lon="75.3981850">
    <ele>497</ele>
   </trkpt>
   <trkpt lat="27.5968010" lon="75.3983990">
    <ele>496</ele>
   </trkpt>
   <trkpt lat="27.5969270" lon="75.3987010">
    <ele>496</ele>
   </trkpt>
   <trkpt lat="27.5970180" lon="75.3989380">
    <ele>498</ele>
   </trkpt>
   <trkpt lat="27.5971020" lon="75.3991740">
    <ele>500</ele>
   </trkpt>
   <trkpt lat="27.5971690" lon="75.3993940">
    <ele>501</ele>
   </trkpt>
   <trkpt lat="27.5972430" lon="75.3996760">
    <ele>502</ele>
   </trkpt>
   <trkpt lat="27.5973110" lon="75.4000590">
    <ele>501</ele>
   </trkpt>
   <trkpt lat="27.5973920" lon="75.4005710">
    <ele>501</ele>
   </trkpt>
   <trkpt lat="27.5974670" lon="75.4010100">
    <ele>503</ele>
   </trkpt>
   <trkpt lat="27.5975550" lon="75.4015019">
    <ele>501</ele>
   </trkpt>
   <trkpt lat="27.5977080" lon="75.4022520">
    <ele>500</ele>
   </trkpt>
   <trkpt lat="27.5977790" lon="75.4026780">
    <ele>502</ele>
   </trkpt>
   <trkpt lat="27.5979120" lon="75.4034160">
    <ele>504</ele>
   </trkpt>
   <trkpt lat="27.5979830" lon="75.4038030">
    <ele>504</ele>
   </trkpt>
   <trkpt lat="27.5980210" lon="75.4040300">
    <ele>505</ele>
   </trkpt>
   <trkpt lat="27.5980420" lon="75.4041560">
    <ele>505</ele>
   </trkpt>
   <trkpt lat="27.5982240" lon="75.4051800">
    <ele>503</ele>
   </trkpt>
   <trkpt lat="27.5985360" lon="75.4071340">
    <ele>501</ele>
   </trkpt>
   <trkpt lat="27.5985750" lon="75.4073180">
    <ele>499</ele>
   </trkpt>
   <trkpt lat="27.5986250" lon="75.4074960">
    <ele>500</ele>
   </trkpt>
   <trkpt lat="27.5987090" lon="75.4077090">
    <ele>502</ele>
   </trkpt>
   <trkpt lat="27.5990530" lon="75.4083950">
    <ele>505</ele>
   </trkpt>
   <trkpt lat="27.5993220" lon="75.4088869">
    <ele>504</ele>
   </trkpt>
   <trkpt lat="27.6000460" lon="75.4102640">
    <ele>505</ele>
   </trkpt>
   <trkpt lat="27.6001060" lon="75.4103570">
    <ele>504</ele>
   </trkpt>
   <trkpt lat="27.6001560" lon="75.4104090">
    <ele>504</ele>
   </trkpt>
   <trkpt lat="27.6002050" lon="75.4104350">
    <ele>504</ele>
   </trkpt>
   <trkpt lat="27.6002600" lon="75.4104470">
    <ele>504</ele>
   </trkpt>
   <trkpt lat="27.6003360" lon="75.4104520">
    <ele>504</ele>
   </trkpt>
   <trkpt lat="27.6005380" lon="75.4104470">
    <ele>507</ele>
   </trkpt>
   <trkpt lat="27.6007410" lon="75.4104450">
    <ele>508</ele>
   </trkpt>
   <trkpt lat="27.6014080" lon="75.4104320">
    <ele>511</ele>
   </trkpt>
   <trkpt lat="27.6015720" lon="75.4104490">
    <ele>511</ele>
   </trkpt>
   <trkpt lat="27.6016590" lon="75.4104680">
    <ele>511</ele>
   </trkpt>
   <trkpt lat="27.6017430" lon="75.4105090">
    <ele>509</ele>
   </trkpt>
   <trkpt lat="27.6017800" lon="75.4105420">
    <ele>509</ele>
   </trkpt>
   <trkpt lat="27.6018340" lon="75.4106180">
    <ele>509</ele>
   </trkpt>
   <trkpt lat="27.6021180" lon="75.4112940">
    <ele>509</ele>
   </trkpt>
   <trkpt lat="27.6022250" lon="75.4115310">
    <ele>509</ele>
   </trkpt>
   <trkpt lat="27.6023940" lon="75.4119040">
    <ele>507</ele>
   </trkpt>
   <trkpt lat="27.6026600" lon="75.4124320">
    <ele>508</ele>
   </trkpt>
   <trkpt lat="27.6027120" lon="75.4125390">
    <ele>508</ele>
   </trkpt>
   <trkpt lat="27.6027800" lon="75.4126800">
    <ele>508</ele>
   </trkpt>
   <trkpt lat="27.6028540" lon="75.4128580">
    <ele>510</ele>
   </trkpt>
   <trkpt lat="27.6031030" lon="75.4129890">
    <ele>512</ele>
   </trkpt>
   <trkpt lat="27.6033920" lon="75.4131880">
    <ele>514</ele>
   </trkpt>
   <trkpt lat="27.6034590" lon="75.4132350">
    <ele>514</ele>
   </trkpt>
   <trkpt lat="27.6035280" lon="75.4133060">
    <ele>513</ele>
   </trkpt>
   <trkpt lat="27.6035750" lon="75.4133530">
    <ele>515</ele>
   </trkpt>
   <trkpt lat="27.6036410" lon="75.4133890">
    <ele>515</ele>
   </trkpt>
   <trkpt lat="27.6036750" lon="75.4134050">
    <ele>515</ele>
   </trkpt>
   <trkpt lat="27.6037050" lon="75.4134190">
    <ele>516</ele>
   </trkpt>
   <trkpt lat="27.6037500" lon="75.4134500">
    <ele>516</ele>
   </trkpt>
   <trkpt lat="27.6037870" lon="75.4134909">
    <ele>516</ele>
   </trkpt>
   <trkpt lat="27.6038160" lon="75.4135370">
    <ele>516</ele>
   </trkpt>
   <trkpt lat="27.6038480" lon="75.4136220">
    <ele>517</ele>
   </trkpt>
   <trkpt lat="27.6038590" lon="75.4139390">
    <ele>516</ele>
   </trkpt>
   <trkpt lat="27.6040200" lon="75.4139290">
    <ele>519</ele>
   </trkpt>
   <trkpt lat="27.6040650" lon="75.4139350">
    <ele>518</ele>
   </trkpt>
   <trkpt lat="27.6040900" lon="75.4139579">
    <ele>518</ele>
   </trkpt>
   <trkpt lat="27.6041000" lon="75.4140020">
    <ele>518</ele>
   </trkpt>
   <trkpt lat="27.6041330" lon="75.4142230">
    <ele>517</ele>
   </trkpt>
   <trkpt lat="27.6041260" lon="75.4142660">
    <ele>517</ele>
   </trkpt>
   <trkpt lat="27.6041050" lon="75.4142970">
    <ele>515</ele>
   </trkpt>
   <trkpt lat="27.6040650" lon="75.4143200">
    <ele>515</ele>
   </trkpt>
   <trkpt lat="27.6040650" lon="75.4143200">
    <ele>515</ele>
   </trkpt>
   <trkpt lat="27.6040650" lon="75.4143200">
    <ele>515</ele>
   </trkpt>
   <trkpt lat="27.6041720" lon="75.4143270">
    <ele>517</ele>
   </trkpt>
   <trkpt lat="27.6041290" lon="75.4146360">
    <ele>514</ele>
   </trkpt>
   <trkpt lat="27.6041190" lon="75.4146630">
    <ele>514</ele>
   </trkpt>
   <trkpt lat="27.6041070" lon="75.4146820">
    <ele>514</ele>
   </trkpt>
   <trkpt lat="27.6040890" lon="75.4146920">
    <ele>514</ele>
   </trkpt>
   <trkpt lat="27.6040620" lon="75.4146890">
    <ele>514</ele>
   </trkpt>
   <trkpt lat="27.6040190" lon="75.4148610">
    <ele>514</ele>
   </trkpt>
   <trkpt lat="27.6039930" lon="75.4149990">
    <ele>513</ele>
   </trkpt>
   <trkpt lat="27.6039840" lon="75.4150270">
    <ele>513</ele>
   </trkpt>
   <trkpt lat="27.6039700" lon="75.4150520">
    <ele>513</ele>
   </trkpt>
   <trkpt lat="27.6039160" lon="75.4151289">
    <ele>513</ele>
   </trkpt>
   <trkpt lat="27.6038970" lon="75.4151680">
    <ele>512</ele>
   </trkpt>
   <trkpt lat="27.6038830" lon="75.4152170">
    <ele>512</ele>
   </trkpt>
   <trkpt lat="27.6038760" lon="75.4152730">
    <ele>512</ele>
   </trkpt>
   <trkpt lat="27.6038860" lon="75.4154430">
    <ele>511</ele>
   </trkpt>
   <trkpt lat="27.6038890" lon="75.4155849">
    <ele>510</ele>
   </trkpt>
   <trkpt lat="27.6038780" lon="75.4158320">
    <ele>509</ele>
   </trkpt>
   <trkpt lat="27.6038390" lon="75.4162319">
    <ele>508</ele>
   </trkpt>
   <trkpt lat="27.6038440" lon="75.4163270">
    <ele>508</ele>
   </trkpt>
   <trkpt lat="27.6038610" lon="75.4164090">
    <ele>508</ele>
   </trkpt>
   <trkpt lat="27.6039210" lon="75.4165249">
    <ele>508</ele>
   </trkpt>
   <trkpt lat="27.6039550" lon="75.4166060">
    <ele>508</ele>
   </trkpt>
   <trkpt lat="27.6039820" lon="75.4167040">
    <ele>508</ele>
   </trkpt>
   <trkpt lat="27.6040000" lon="75.4168350">
    <ele>508</ele>
   </trkpt>
   <trkpt lat="27.6040050" lon="75.4169390">
    <ele>508</ele>
   </trkpt>
   <trkpt lat="27.6040070" lon="75.4169700">
    <ele>508</ele>
   </trkpt>
   <trkpt lat="27.6039900" lon="75.4171120">
    <ele>507</ele>
   </trkpt>
   <trkpt lat="27.6038590" lon="75.4176440">
    <ele>504</ele>
   </trkpt>
   <trkpt lat="27.6038380" lon="75.4177280">
    <ele>504</ele>
   </trkpt>
   <trkpt lat="27.6037900" lon="75.4179230">
    <ele>503</ele>
   </trkpt>
   <trkpt lat="27.6038680" lon="75.4180270">
    <ele>504</ele>
   </trkpt>
   <trkpt lat="27.6039520" lon="75.4180740">
    <ele>504</ele>
   </trkpt>
   <trkpt lat="27.6040100" lon="75.4180970">
    <ele>504</ele>
   </trkpt>
   <trkpt lat="27.6043450" lon="75.4182280">
    <ele>503</ele>
   </trkpt>
   <trkpt lat="27.6049040" lon="75.4184480">
    <ele>505</ele>
   </trkpt>
   <trkpt lat="27.6050010" lon="75.4185070">
    <ele>507</ele>
   </trkpt>
   <trkpt lat="27.6050780" lon="75.4185700">
    <ele>508</ele>
   </trkpt>
   <trkpt lat="27.6051400" lon="75.4186530">
    <ele>508</ele>
   </trkpt>
   <trkpt lat="27.6053120" lon="75.4189550">
    <ele>507</ele>
   </trkpt>
   <trkpt lat="27.6054520" lon="75.4192230">
    <ele>506</ele>
   </trkpt>
   <trkpt lat="27.6055170" lon="75.4193880">
    <ele>504</ele>
   </trkpt>
   <trkpt lat="27.6055990" lon="75.4196350">
    <ele>503</ele>
   </trkpt>
   <trkpt lat="27.6056970" lon="75.4199890">
    <ele>505</ele>
   </trkpt>
   <trkpt lat="27.6057940" lon="75.4205150">
    <ele>506</ele>
   </trkpt>
   <trkpt lat="27.6058280" lon="75.4207349">
    <ele>505</ele>
   </trkpt>
   <trkpt lat="27.6058400" lon="75.4210250">
    <ele>503</ele>
   </trkpt>
   <trkpt lat="27.6058190" lon="75.4211890">
    <ele>501</ele>
   </trkpt>
   <trkpt lat="27.6057610" lon="75.4215390">
    <ele>503</ele>
   </trkpt>
   <trkpt lat="27.6056300" lon="75.4222610">
    <ele>501</ele>
   </trkpt>
   <trkpt lat="27.6053460" lon="75.4241090">
    <ele>503</ele>
   </trkpt>
   <trkpt lat="27.6052700" lon="75.4246010">
    <ele>502</ele>
   </trkpt>
   <trkpt lat="27.6052380" lon="75.4248400">
    <ele>501</ele>
   </trkpt>
   <trkpt lat="27.6052480" lon="75.4249860">
    <ele>500</ele>
   </trkpt>
   <trkpt lat="27.6052890" lon="75.4251430">
    <ele>500</ele>
   </trkpt>
   <trkpt lat="27.6053570" lon="75.4252850">
    <ele>500</ele>
   </trkpt>
   <trkpt lat="27.6054730" lon="75.4254510">
    <ele>500</ele>
   </trkpt>
   <trkpt lat="27.6063580" lon="75.4266340">
    <ele>501</ele>
   </trkpt>
   <trkpt lat="27.6069670" lon="75.4274350">
    <ele>503</ele>
   </trkpt>
   <trkpt lat="27.6070920" lon="75.4275569">
    <ele>503</ele>
   </trkpt>
   <trkpt lat="27.6072500" lon="75.4276620">
    <ele>503</ele>
   </trkpt>
   <trkpt lat="27.6075050" lon="75.4277510">
    <ele>502</ele>
   </trkpt>
   <trkpt lat="27.6086030" lon="75.4280820">
    <ele>505</ele>
   </trkpt>
   <trkpt lat="27.6092890" lon="75.4283010">
    <ele>506</ele>
   </trkpt>
   <trkpt lat="27.6093730" lon="75.4283520">
    <ele>507</ele>
   </trkpt>
   <trkpt lat="27.6094690" lon="75.4282990">
    <ele>507</ele>
   </trkpt>
   <trkpt lat="27.6095440" lon="75.4282740">
    <ele>508</ele>
   </trkpt>
   <trkpt lat="27.6096310" lon="75.4282659">
    <ele>509</ele>
   </trkpt>
   <trkpt lat="27.6097630" lon="75.4282850">
    <ele>509</ele>
   </trkpt>
   <trkpt lat="27.6100800" lon="75.4283400">
    <ele>508</ele>
   </trkpt>
   <trkpt lat="27.6102280" lon="75.4283660">
    <ele>507</ele>
   </trkpt>
   <trkpt lat="27.6104880" lon="75.4284230">
    <ele>508</ele>
   </trkpt>
   <trkpt lat="27.6105560" lon="75.4284380">
    <ele>509</ele>
   </trkpt>
   <trkpt lat="27.6106250" lon="75.4284680">
    <ele>509</ele>
   </trkpt>
   <trkpt lat="27.6106700" lon="75.4285070">
    <ele>509</ele>
   </trkpt>
   <trkpt lat="27.6107040" lon="75.4285590">
    <ele>511</ele>
   </trkpt>
   <trkpt lat="27.6107310" lon="75.4286340">
    <ele>511</ele>
   </trkpt>
   <trkpt lat="27.6107800" lon="75.4290000">
    <ele>510</ele>
   </trkpt>
   <trkpt lat="27.6108040" lon="75.4291030">
    <ele>509</ele>
   </trkpt>
   <trkpt lat="27.6109460" lon="75.4294380">
    <ele>512</ele>
   </trkpt>
   <trkpt lat="27.6109740" lon="75.4295210">
    <ele>512</ele>
   </trkpt>
   <trkpt lat="27.6111010" lon="75.4300620">
    <ele>512</ele>
   </trkpt>
   <trkpt lat="27.6111380" lon="75.4301590">
    <ele>510</ele>
   </trkpt>
   <trkpt lat="27.6113720" lon="75.4306469">
    <ele>508</ele>
   </trkpt>
   <trkpt lat="27.6114320" lon="75.4307280">
    <ele>508</ele>
   </trkpt>
   <trkpt lat="27.6114830" lon="75.4307730">
    <ele>506</ele>
   </trkpt>
   <trkpt lat="27.6116930" lon="75.4308860">
    <ele>509</ele>
   </trkpt>
   <trkpt lat="27.6117840" lon="75.4309360">
    <ele>507</ele>
   </trkpt>
   <trkpt lat="27.6118680" lon="75.4309950">
    <ele>507</ele>
   </trkpt>
   <trkpt lat="27.6119350" lon="75.4310630">
    <ele>510</ele>
   </trkpt>
   <trkpt lat="27.6120030" lon="75.4311560">
    <ele>508</ele>
   </trkpt>
   <trkpt lat="27.6122510" lon="75.4315780">
    <ele>509</ele>
   </trkpt>
   <trkpt lat="27.6123550" lon="75.4317080">
    <ele>507</ele>
   </trkpt>
   <trkpt lat="27.6124820" lon="75.4318220">
    <ele>506</ele>
   </trkpt>
   <trkpt lat="27.6128680" lon="75.4320580">
    <ele>507</ele>
   </trkpt>
   <trkpt lat="27.6129570" lon="75.4321030">
    <ele>507</ele>
   </trkpt>
   <trkpt lat="27.6130890" lon="75.4321700">
    <ele>507</ele>
   </trkpt>
   <trkpt lat="27.6132830" lon="75.4322750">
    <ele>510</ele>
   </trkpt>
   <trkpt lat="27.6134220" lon="75.4323790">
    <ele>508</ele>
   </trkpt>
   <trkpt lat="27.6135930" lon="75.4325400">
    <ele>510</ele>
   </trkpt>
   <trkpt lat="27.6141110" lon="75.4330660">
    <ele>510</ele>
   </trkpt>
   <trkpt lat="27.6141820" lon="75.4331600">
    <ele>508</ele>
   </trkpt>
   <trkpt lat="27.6142530" lon="75.4333120">
    <ele>511</ele>
   </trkpt>
   <trkpt lat="27.6143290" lon="75.4334650">
    <ele>509</ele>
   </trkpt>
   <trkpt lat="27.6144200" lon="75.4336129">
    <ele>511</ele>
   </trkpt>
   <trkpt lat="27.6145340" lon="75.4337580">
    <ele>512</ele>
   </trkpt>
   <trkpt lat="27.6147640" lon="75.4339750">
    <ele>511</ele>
   </trkpt>
   <trkpt lat="27.6151060" lon="75.4341980">
    <ele>512</ele>
   </trkpt>
   <trkpt lat="27.6151870" lon="75.4342590">
    <ele>512</ele>
   </trkpt>
   <trkpt lat="27.6152850" lon="75.4343640">
    <ele>511</ele>
   </trkpt>
   <trkpt lat="27.6154180" lon="75.4344710">
    <ele>512</ele>
   </trkpt>
   <trkpt lat="27.6156050" lon="75.4345540">
    <ele>511</ele>
   </trkpt>
   <trkpt lat="27.6162640" lon="75.4347049">
    <ele>514</ele>
   </trkpt>
   <trkpt lat="27.6163900" lon="75.4347550">
    <ele>516</ele>
   </trkpt>
   <trkpt lat="27.6165110" lon="75.4348410">
    <ele>518</ele>
   </trkpt>
   <trkpt lat="27.6168670" lon="75.4350690">
    <ele>514</ele>
   </trkpt>
   <trkpt lat="27.6177470" lon="75.4355490">
    <ele>517</ele>
   </trkpt>
   <trkpt lat="27.6178660" lon="75.4355820">
    <ele>513</ele>
   </trkpt>
   <trkpt lat="27.6181980" lon="75.4356570">
    <ele>515</ele>
   </trkpt>
   <trkpt lat="27.6187740" lon="75.4357960">
    <ele>515</ele>
   </trkpt>
   <trkpt lat="27.6188900" lon="75.4358419">
    <ele>515</ele>
   </trkpt>
   <trkpt lat="27.6194770" lon="75.4361640">
    <ele>520</ele>
   </trkpt>
   <trkpt lat="27.6195530" lon="75.4362249">
    <ele>524</ele>
   </trkpt>
   <trkpt lat="27.6196170" lon="75.4363030">
    <ele>520</ele>
   </trkpt>
   <trkpt lat="27.6197500" lon="75.4364770">
    <ele>517</ele>
   </trkpt>
   <trkpt lat="27.6200090" lon="75.4367000">
    <ele>517</ele>
   </trkpt>
   <trkpt lat="27.6205990" lon="75.4371560">
    <ele>516</ele>
   </trkpt>
   <trkpt lat="27.6208050" lon="75.4372870">
    <ele>514</ele>
   </trkpt>
   <trkpt lat="27.6210910" lon="75.4374190">
    <ele>516</ele>
   </trkpt>
   <trkpt lat="27.6213950" lon="75.4374890">
    <ele>513</ele>
   </trkpt>
   <trkpt lat="27.6215830" lon="75.4375500">
    <ele>514</ele>
   </trkpt>
   <trkpt lat="27.6221100" lon="75.4377570">
    <ele>515</ele>
   </trkpt>
   <trkpt lat="27.6223380" lon="75.4378800">
    <ele>512</ele>
   </trkpt>
   <trkpt lat="27.6225160" lon="75.4379460">
    <ele>513</ele>
   </trkpt>
   <trkpt lat="27.6229050" lon="75.4380340">
    <ele>513</ele>
   </trkpt>
   <trkpt lat="27.6230870" lon="75.4381060">
    <ele>514</ele>
   </trkpt>
   <trkpt lat="27.6233650" lon="75.4382140">
    <ele>511</ele>
   </trkpt>
   <trkpt lat="27.6236170" lon="75.4382679">
    <ele>510</ele>
   </trkpt>
   <trkpt lat="27.6238770" lon="75.4382970">
    <ele>510</ele>
   </trkpt>
   <trkpt lat="27.6239720" lon="75.4383320">
    <ele>507</ele>
   </trkpt>
   <trkpt lat="27.6240050" lon="75.4383880">
    <ele>507</ele>
   </trkpt>
   <trkpt lat="27.6240190" lon="75.4384740">
    <ele>507</ele>
   </trkpt>
   <trkpt lat="27.6240740" lon="75.4388580">
    <ele>504</ele>
   </trkpt>
   <trkpt lat="27.6241000" lon="75.4389060">
    <ele>504</ele>
   </trkpt>
   <trkpt lat="27.6241390" lon="75.4389340">
    <ele>504</ele>
   </trkpt>
   <trkpt lat="27.6243710" lon="75.4390350">
    <ele>505</ele>
   </trkpt>
   <trkpt lat="27.6247740" lon="75.4391590">
    <ele>507</ele>
   </trkpt>
   <trkpt lat="27.6251340" lon="75.4393170">
    <ele>508</ele>
   </trkpt>
   <trkpt lat="27.6253210" lon="75.4393790">
    <ele>507</ele>
   </trkpt>
   <trkpt lat="27.6256290" lon="75.4394340">
    <ele>507</ele>
   </trkpt>
   <trkpt lat="27.6257230" lon="75.4394180">
    <ele>507</ele>
   </trkpt>
   <trkpt lat="27.6258450" lon="75.4393700">
    <ele>507</ele>
   </trkpt>
   <trkpt lat="27.6259200" lon="75.4393520">
    <ele>507</ele>
   </trkpt>
   <trkpt lat="27.6259790" lon="75.4393620">
    <ele>507</ele>
   </trkpt>
   <trkpt lat="27.6260540" lon="75.4393939">
    <ele>508</ele>
   </trkpt>
   <trkpt lat="27.6263160" lon="75.4395520">
    <ele>510</ele>
   </trkpt>
   <trkpt lat="27.6264000" lon="75.4395849">
    <ele>510</ele>
   </trkpt>
   <trkpt lat="27.6267690" lon="75.4397030">
    <ele>510</ele>
   </trkpt>
   <trkpt lat="27.6268740" lon="75.4397539">
    <ele>509</ele>
   </trkpt>
   <trkpt lat="27.6269500" lon="75.4397720">
    <ele>509</ele>
   </trkpt>
   <trkpt lat="27.6272270" lon="75.4397670">
    <ele>507</ele>
   </trkpt>
   <trkpt lat="27.6275050" lon="75.4397140">
    <ele>506</ele>
   </trkpt>
   <trkpt lat="27.6276320" lon="75.4397110">
    <ele>506</ele>
   </trkpt>
   <trkpt lat="27.6278850" lon="75.4397369">
    <ele>508</ele>
   </trkpt>
   <trkpt lat="27.6280320" lon="75.4397670">
    <ele>509</ele>
   </trkpt>
   <trkpt lat="27.6281840" lon="75.4398150">
    <ele>510</ele>
   </trkpt>
   <trkpt lat="27.6288450" lon="75.4400680">
    <ele>511</ele>
   </trkpt>
   <trkpt lat="27.6293280" lon="75.4403030">
    <ele>511</ele>
   </trkpt>
   <trkpt lat="27.6297100" lon="75.4405020">
    <ele>511</ele>
   </trkpt>
   <trkpt lat="27.6298540" lon="75.4405610">
    <ele>511</ele>
   </trkpt>
   <trkpt lat="27.6300840" lon="75.4406330">
    <ele>511</ele>
   </trkpt>
   <trkpt lat="27.6309450" lon="75.4408430">
    <ele>508</ele>
   </trkpt>
   <trkpt lat="27.6310030" lon="75.4408340">
    <ele>508</ele>
   </trkpt>
   <trkpt lat="27.6310430" lon="75.4408119">
    <ele>508</ele>
   </trkpt>
   <trkpt lat="27.6310810" lon="75.4407800">
    <ele>507</ele>
   </trkpt>
   <trkpt lat="27.6311060" lon="75.4407240">
    <ele>507</ele>
   </trkpt>
   <trkpt lat="27.6311980" lon="75.4404010">
    <ele>508</ele>
   </trkpt>
   <trkpt lat="27.6312440" lon="75.4402800">
    <ele>509</ele>
   </trkpt>
   <trkpt lat="27.6313340" lon="75.4400990">
    <ele>510</ele>
   </trkpt>
   <trkpt lat="27.6315160" lon="75.4398350">
    <ele>512</ele>
   </trkpt>
   <trkpt lat="27.6317040" lon="75.4396890">
    <ele>511</ele>
   </trkpt>
   <trkpt lat="27.6318700" lon="75.4396030">
    <ele>512</ele>
   </trkpt>
   <trkpt lat="27.6320320" lon="75.4395739">
    <ele>511</ele>
   </trkpt>
   <trkpt lat="27.6323870" lon="75.4395289">
    <ele>512</ele>
   </trkpt>
   <trkpt lat="27.6326570" lon="75.4395080">
    <ele>512</ele>
   </trkpt>
   <trkpt lat="27.6328130" lon="75.4395170">
    <ele>511</ele>
   </trkpt>
   <trkpt lat="27.6329710" lon="75.4395650">
    <ele>511</ele>
   </trkpt>
   <trkpt lat="27.6331250" lon="75.4396639">
    <ele>510</ele>
   </trkpt>
   <trkpt lat="27.6338130" lon="75.4402030">
    <ele>511</ele>
   </trkpt>
   <trkpt lat="27.6340740" lon="75.4404260">
    <ele>511</ele>
   </trkpt>
   <trkpt lat="27.6346210" lon="75.4408230">
    <ele>509</ele>
   </trkpt>
   <trkpt lat="27.6347160" lon="75.4408760">
    <ele>509</ele>
   </trkpt>
   <trkpt lat="27.6348320" lon="75.4409010">
    <ele>509</ele>
   </trkpt>
   <trkpt lat="27.6351580" lon="75.4408790">
    <ele>510</ele>
   </trkpt>
   <trkpt lat="27.6352840" lon="75.4408790">
    <ele>511</ele>
   </trkpt>
   <trkpt lat="27.6355050" lon="75.4408980">
    <ele>512</ele>
   </trkpt>
   <trkpt lat="27.6364390" lon="75.4411180">
    <ele>508</ele>
   </trkpt>
   <trkpt lat="27.6366380" lon="75.4411960">
    <ele>508</ele>
   </trkpt>
   <trkpt lat="27.6372680" lon="75.4415340">
    <ele>508</ele>
   </trkpt>
   <trkpt lat="27.6382040" lon="75.4420460">
    <ele>511</ele>
   </trkpt>
   <trkpt lat="27.6389990" lon="75.4425520">
    <ele>514</ele>
   </trkpt>
   <trkpt lat="27.6389990" lon="75.4425520">
    <ele>514</ele>
   </trkpt>
   <trkpt lat="27.6391669" lon="75.4424646">
    <ele>514</ele>
   </trkpt>
   <trkpt lat="27.6391669" lon="75.4424646">
    <ele>514</ele>
   </trkpt>
   <trkpt lat="27.6394069" lon="75.4423019">
    <ele>515</ele>
   </trkpt>
   <trkpt lat="27.6394069" lon="75.4423019">
    <ele>515</ele>
   </trkpt>
   <trkpt lat="27.6397267" lon="75.4423210">
    <ele>517</ele>
   </trkpt>
   <trkpt lat="27.6397267" lon="75.4423210">
    <ele>517</ele>
   </trkpt>
   <trkpt lat="27.6399928" lon="75.4424414">
    <ele>518</ele>
   </trkpt>
   <trkpt lat="27.6399928" lon="75.4424414">
    <ele>518</ele>
   </trkpt>
   <trkpt lat="27.6405320" lon="75.4429042">
    <ele>516</ele>
   </trkpt>
   <trkpt lat="27.6405320" lon="75.4429042">
    <ele>516</ele>
   </trkpt>
   <trkpt lat="27.6409345" lon="75.4432925">
    <ele>516</ele>
   </trkpt>
   <trkpt lat="27.6409345" lon="75.4432925">
    <ele>514</ele>
   </trkpt>
   <trkpt lat="27.6413153" lon="75.4434913">
    <ele>513</ele>
   </trkpt>
   <trkpt lat="27.6413153" lon="75.4434913">
    <ele>513</ele>
   </trkpt>
   <trkpt lat="27.6419736" lon="75.4438669">
    <ele>514</ele>
   </trkpt>
   <trkpt lat="27.6419736" lon="75.4438669">
    <ele>514</ele>
   </trkpt>
   <trkpt lat="27.6424372" lon="75.4440650">
    <ele>514</ele>
   </trkpt>
   <trkpt lat="27.6429008" lon="75.4442631">
    <ele>512</ele>
   </trkpt>
   <trkpt lat="27.6429008" lon="75.4442631">
    <ele>512</ele>
   </trkpt>
   <trkpt lat="27.6429008" lon="75.4442631">
    <ele>512</ele>
   </trkpt>
   <trkpt lat="27.6433854" lon="75.4444713">
    <ele>513</ele>
   </trkpt>
   <trkpt lat="27.6438700" lon="75.4446796">
    <ele>514</ele>
   </trkpt>
   <trkpt lat="27.6438700" lon="75.4446796">
    <ele>514</ele>
   </trkpt>
   <trkpt lat="27.6438700" lon="75.4446796">
    <ele>514</ele>
   </trkpt>
   <trkpt lat="27.6444117" lon="75.4450226">
    <ele>514</ele>
   </trkpt>
   <trkpt lat="27.6449534" lon="75.4453657">
    <ele>514</ele>
   </trkpt>
   <trkpt lat="27.6449534" lon="75.4453657">
    <ele>514</ele>
   </trkpt>
   <trkpt lat="27.6449534" lon="75.4453657">
    <ele>517</ele>
   </trkpt>
   <trkpt lat="27.6454766" lon="75.4455710">
    <ele>519</ele>
   </trkpt>
   <trkpt lat="27.6459999" lon="75.4457763">
    <ele>521</ele>
   </trkpt>
   <trkpt lat="27.6459999" lon="75.4457763">
    <ele>521</ele>
   </trkpt>
   <trkpt lat="27.6459999" lon="75.4457763">
    <ele>521</ele>
   </trkpt>
   <trkpt lat="27.6466136" lon="75.4460113">
    <ele>523</ele>
   </trkpt>
   <trkpt lat="27.6472273" lon="75.4462464">
    <ele>523</ele>
   </trkpt>
   <trkpt lat="27.6472273" lon="75.4462464">
    <ele>523</ele>
   </trkpt>
   <trkpt lat="27.6472273" lon="75.4462464">
    <ele>523</ele>
   </trkpt>
   <trkpt lat="27.6477822" lon="75.4465835">
    <ele>525</ele>
   </trkpt>
   <trkpt lat="27.6477822" lon="75.4465835">
    <ele>525</ele>
   </trkpt>
   <trkpt lat="27.6481161" lon="75.4469303">
    <ele>526</ele>
   </trkpt>
   <trkpt lat="27.6484500" lon="75.4472771">
    <ele>527</ele>
   </trkpt>
   <trkpt lat="27.6484500" lon="75.4472771">
    <ele>527</ele>
   </trkpt>
   <trkpt lat="27.6484500" lon="75.4472771">
    <ele>527</ele>
   </trkpt>
   <trkpt lat="27.6488893" lon="75.4474699">
    <ele>527</ele>
   </trkpt>
   <trkpt lat="27.6493286" lon="75.4476628">
    <ele>527</ele>
   </trkpt>
   <trkpt lat="27.6497680" lon="75.4478557">
    <ele>527</ele>
   </trkpt>
   <trkpt lat="27.6497680" lon="75.4478557">
    <ele>527</ele>
   </trkpt>
   <trkpt lat="27.6497680" lon="75.4478557">
    <ele>523</ele>
   </trkpt>
   <trkpt lat="27.6501842" lon="75.4480871">
    <ele>526</ele>
   </trkpt>
   <trkpt lat="27.6506005" lon="75.4483185">
    <ele>526</ele>
   </trkpt>
   <trkpt lat="27.6510167" lon="75.4485499">
    <ele>526</ele>
   </trkpt>
   <trkpt lat="27.6514330" lon="75.4487814">
    <ele>526</ele>
   </trkpt>
   <trkpt lat="27.6514330" lon="75.4487814">
    <ele>526</ele>
   </trkpt>
   <trkpt lat="27.6514330" lon="75.4487814">
    <ele>526</ele>
   </trkpt>
   <trkpt lat="27.6519602" lon="75.4490733">
    <ele>528</ele>
   </trkpt>
   <trkpt lat="27.6524874" lon="75.4493653">
    <ele>527</ele>
   </trkpt>
   <trkpt lat="27.6524874" lon="75.4493653">
    <ele>527</ele>
   </trkpt>
   <trkpt lat="27.6524874" lon="75.4493653">
    <ele>527</ele>
   </trkpt>
   <trkpt lat="27.6532088" lon="75.4495423">
    <ele>531</ele>
   </trkpt>
   <trkpt lat="27.6532088" lon="75.4495423">
    <ele>531</ele>
   </trkpt>
   <trkpt lat="27.6537091" lon="75.4497025">
    <ele>530</ele>
   </trkpt>
   <trkpt lat="27.6542094" lon="75.4498627">
    <ele>531</ele>
   </trkpt>
   <trkpt lat="27.6547098" lon="75.4500229">
    <ele>533</ele>
   </trkpt>
   <trkpt lat="27.6547098" lon="75.4500229">
    <ele>533</ele>
   </trkpt>
   <trkpt lat="27.6547098" lon="75.4500229">
    <ele>533</ele>
   </trkpt>
   <trkpt lat="27.6552172" lon="75.4500022">
    <ele>533</ele>
   </trkpt>
   <trkpt lat="27.6553340" lon="75.4499860">
    <ele>533</ele>
   </trkpt>
   <trkpt lat="27.6555260" lon="75.4499790">
    <ele>534</ele>
   </trkpt>
   <trkpt lat="27.6560530" lon="75.4499650">
    <ele>535</ele>
   </trkpt>
   <trkpt lat="27.6570610" lon="75.4499390">
    <ele>537</ele>
   </trkpt>
   <trkpt lat="27.6576710" lon="75.4499900">
    <ele>537</ele>
   </trkpt>
   <trkpt lat="27.6584860" lon="75.4500780">
    <ele>535</ele>
   </trkpt>
   <trkpt lat="27.6587810" lon="75.4500810">
    <ele>535</ele>
   </trkpt>
   <trkpt lat="27.6589850" lon="75.4500590">
    <ele>535</ele>
   </trkpt>
   <trkpt lat="27.6591300" lon="75.4500429">
    <ele>534</ele>
   </trkpt>
   <trkpt lat="27.6592750" lon="75.4500060">
    <ele>533</ele>
   </trkpt>
   <trkpt lat="27.6593820" lon="75.4500490">
    <ele>533</ele>
   </trkpt>
   <trkpt lat="27.6598380" lon="75.4502820">
    <ele>534</ele>
   </trkpt>
   <trkpt lat="27.6600420" lon="75.4503840">
    <ele>534</ele>
   </trkpt>
   <trkpt lat="27.6601540" lon="75.4504050">
    <ele>533</ele>
   </trkpt>
   <trkpt lat="27.6602960" lon="75.4504620">
    <ele>533</ele>
   </trkpt>
   <trkpt lat="27.6604080" lon="75.4505850">
    <ele>533</ele>
   </trkpt>
   <trkpt lat="27.6604860" lon="75.4506920">
    <ele>534</ele>
   </trkpt>
   <trkpt lat="27.6605860" lon="75.4507760">
    <ele>533</ele>
   </trkpt>
   <trkpt lat="27.6607340" lon="75.4508479">
    <ele>537</ele>
   </trkpt>
   <trkpt lat="27.6608500" lon="75.4508910">
    <ele>537</ele>
   </trkpt>
   <trkpt lat="27.6612820" lon="75.4509260">
    <ele>532</ele>
   </trkpt>
   <trkpt lat="27.6615060" lon="75.4510600">
    <ele>528</ele>
   </trkpt>
   <trkpt lat="27.6616530" lon="75.4510600">
    <ele>528</ele>
   </trkpt>
   <trkpt lat="27.6618000" lon="75.4511000">
    <ele>528</ele>
   </trkpt>
   <trkpt lat="27.6620120" lon="75.4511750">
    <ele>529</ele>
   </trkpt>
   <trkpt lat="27.6626100" lon="75.4513710">
    <ele>529</ele>
   </trkpt>
   <trkpt lat="27.6629860" lon="75.4518270">
    <ele>521</ele>
   </trkpt>
   <trkpt lat="27.6634940" lon="75.4520469">
    <ele>517</ele>
   </trkpt>
   <trkpt lat="27.6639550" lon="75.4522990">
    <ele>519</ele>
   </trkpt>
   <trkpt lat="27.6651570" lon="75.4529320">
    <ele>513</ele>
   </trkpt>
   <trkpt lat="27.6658510" lon="75.4533340">
    <ele>510</ele>
   </trkpt>
   <trkpt lat="27.6660760" lon="75.4534709">
    <ele>510</ele>
   </trkpt>
   <trkpt lat="27.6663830" lon="75.4535060">
    <ele>511</ele>
   </trkpt>
   <trkpt lat="27.6668630" lon="75.4534870">
    <ele>511</ele>
   </trkpt>
   <trkpt lat="27.6672310" lon="75.4535280">
    <ele>511</ele>
   </trkpt>
   <trkpt lat="27.6675470" lon="75.4536880">
    <ele>509</ele>
   </trkpt>
   <trkpt lat="27.6683830" lon="75.4539300">
    <ele>505</ele>
   </trkpt>
   <trkpt lat="27.6690100" lon="75.4541390">
    <ele>502</ele>
   </trkpt>
   <trkpt lat="27.6695210" lon="75.4543480">
    <ele>502</ele>
   </trkpt>
   <trkpt lat="27.6698300" lon="75.4545310">
    <ele>502</ele>
   </trkpt>
   <trkpt lat="27.6702170" lon="75.4549140">
    <ele>502</ele>
   </trkpt>
   <trkpt lat="27.6708080" lon="75.4553540">
    <ele>501</ele>
   </trkpt>
   <trkpt lat="27.6712620" lon="75.4558020">
    <ele>503</ele>
   </trkpt>
   <trkpt lat="27.6716210" lon="75.4560939">
    <ele>499</ele>
   </trkpt>
   <trkpt lat="27.6722260" lon="75.4565400">
    <ele>496</ele>
   </trkpt>
   <trkpt lat="27.6726730" lon="75.4568050">
    <ele>492</ele>
   </trkpt>
   <trkpt lat="27.6728580" lon="75.4568430">
    <ele>491</ele>
   </trkpt>
   <trkpt lat="27.6730700" lon="75.4568720">
    <ele>492</ele>
   </trkpt>
   <trkpt lat="27.6732170" lon="75.4568860">
    <ele>491</ele>
   </trkpt>
   <trkpt lat="27.6735590" lon="75.4573310">
    <ele>489</ele>
   </trkpt>
   <trkpt lat="27.6738440" lon="75.4577730">
    <ele>480</ele>
   </trkpt>
   <trkpt lat="27.6739980" lon="75.4578669">
    <ele>479</ele>
   </trkpt>
   <trkpt lat="27.6742000" lon="75.4579260">
    <ele>480</ele>
   </trkpt>
   <trkpt lat="27.6744090" lon="75.4579640">
    <ele>484</ele>
   </trkpt>
   <trkpt lat="27.6749460" lon="75.4581380">
    <ele>491</ele>
   </trkpt>
   <trkpt lat="27.6752310" lon="75.4583500">
    <ele>490</ele>
   </trkpt>
   <trkpt lat="27.6756920" lon="75.4586510">
    <ele>487</ele>
   </trkpt>
   <trkpt lat="27.6761840" lon="75.4590020">
    <ele>486</ele>
   </trkpt>
   <trkpt lat="27.6764520" lon="75.4591090">
    <ele>485</ele>
   </trkpt>
   <trkpt lat="27.6766870" lon="75.4591790">
    <ele>484</ele>
   </trkpt>
   <trkpt lat="27.6771220" lon="75.4592670">
    <ele>483</ele>
   </trkpt>
   <trkpt lat="27.6778350" lon="75.4595380">
    <ele>479</ele>
   </trkpt>
   <trkpt lat="27.6782000" lon="75.4597450">
    <ele>478</ele>
   </trkpt>
   <trkpt lat="27.6785780" lon="75.4598520">
    <ele>476</ele>
   </trkpt>
   <trkpt lat="27.6788800" lon="75.4598920">
    <ele>474</ele>
   </trkpt>
   <trkpt lat="27.6790750" lon="75.4600050">
    <ele>474</ele>
   </trkpt>
   <trkpt lat="27.6792270" lon="75.4601689">
    <ele>475</ele>
   </trkpt>
   <trkpt lat="27.6793380" lon="75.4602630">
    <ele>474</ele>
   </trkpt>
   <trkpt lat="27.6794170" lon="75.4602710">
    <ele>474</ele>
   </trkpt>
   <trkpt lat="27.6795350" lon="75.4601900">
    <ele>474</ele>
   </trkpt>
   <trkpt lat="27.6797370" lon="75.4599889">
    <ele>474</ele>
   </trkpt>
   <trkpt lat="27.6802650" lon="75.4595920">
    <ele>472</ele>
   </trkpt>
   <trkpt lat="27.6807230" lon="75.4591839">
    <ele>469</ele>
   </trkpt>
   <trkpt lat="27.6809010" lon="75.4591200">
    <ele>468</ele>
   </trkpt>
   <trkpt lat="27.6810720" lon="75.4591070">
    <ele>468</ele>
   </trkpt>
   <trkpt lat="27.6812070" lon="75.4590820">
    <ele>468</ele>
   </trkpt>
   <trkpt lat="27.6813950" lon="75.4589860">
    <ele>468</ele>
   </trkpt>
   <trkpt lat="27.6815470" lon="75.4588280">
    <ele>469</ele>
   </trkpt>
   <trkpt lat="27.6818420" lon="75.4585940">
    <ele>469</ele>
   </trkpt>
   <trkpt lat="27.6823550" lon="75.4582030">
    <ele>468</ele>
   </trkpt>
   <trkpt lat="27.6826470" lon="75.4577820">
    <ele>470</ele>
   </trkpt>
   <trkpt lat="27.6827990" lon="75.4575270">
    <ele>472</ele>
   </trkpt>
   <trkpt lat="27.6829370" lon="75.4572320">
    <ele>473</ele>
   </trkpt>
   <trkpt lat="27.6829750" lon="75.4571400">
    <ele>474</ele>
   </trkpt>
   <trkpt lat="27.6830080" lon="75.4570600">
    <ele>474</ele>
   </trkpt>
   <trkpt lat="27.6830720" lon="75.4569290">
    <ele>474</ele>
   </trkpt>
   <trkpt lat="27.6831690" lon="75.4568450">
    <ele>474</ele>
   </trkpt>
   <trkpt lat="27.6833210" lon="75.4567620">
    <ele>473</ele>
   </trkpt>
   <trkpt lat="27.6835740" lon="75.4566790">
    <ele>474</ele>
   </trkpt>
   <trkpt lat="27.6838070" lon="75.4566020">
    <ele>476</ele>
   </trkpt>
   <trkpt lat="27.6841810" lon="75.4569620">
    <ele>476</ele>
   </trkpt>
   <trkpt lat="27.6857500" lon="75.4582439">
    <ele>474</ele>
   </trkpt>
   <trkpt lat="27.6877170" lon="75.4599140">
    <ele>476</ele>
   </trkpt>
   <trkpt lat="27.6880590" lon="75.4602950">
    <ele>475</ele>
   </trkpt>
   <trkpt lat="27.6882780" lon="75.4604250">
    <ele>477</ele>
   </trkpt>
   <trkpt lat="27.6896970" lon="75.4613229">
    <ele>471</ele>
   </trkpt>
   <trkpt lat="27.6899790" lon="75.4616360">
    <ele>473</ele>
   </trkpt>
   <trkpt lat="27.6901820" lon="75.4618990">
    <ele>473</ele>
   </trkpt>
   <trkpt lat="27.6906760" lon="75.4628360">
    <ele>466</ele>
   </trkpt>
   <trkpt lat="27.6909170" lon="75.4635070">
    <ele>468</ele>
   </trkpt>
   <trkpt lat="27.6914180" lon="75.4650570">
    <ele>466</ele>
   </trkpt>
   <trkpt lat="27.6917000" lon="75.4655600">
    <ele>470</ele>
   </trkpt>
   <trkpt lat="27.6918960" lon="75.4658470">
    <ele>472</ele>
   </trkpt>
   <trkpt lat="27.6924620" lon="75.4663740">
    <ele>469</ele>
   </trkpt>
   <trkpt lat="27.6928230" lon="75.4665600">
    <ele>470</ele>
   </trkpt>
   <trkpt lat="27.6938760" lon="75.4671650">
    <ele>474</ele>
   </trkpt>
   <trkpt lat="27.6949090" lon="75.4678230">
    <ele>473</ele>
   </trkpt>
   <trkpt lat="27.6958240" lon="75.4684750">
    <ele>470</ele>
   </trkpt>
   <trkpt lat="27.6966140" lon="75.4689990">
    <ele>459</ele>
   </trkpt>
   <trkpt lat="27.6972960" lon="75.4692600">
    <ele>456</ele>
   </trkpt>
   <trkpt lat="27.6977690" lon="75.4694300">
    <ele>460</ele>
   </trkpt>
   <trkpt lat="27.6980840" lon="75.4696330">
    <ele>460</ele>
   </trkpt>
   <trkpt lat="27.6986680" lon="75.4700930">
    <ele>460</ele>
   </trkpt>
   <trkpt lat="27.6988780" lon="75.4703200">
    <ele>460</ele>
   </trkpt>
   <trkpt lat="27.6991460" lon="75.4707500">
    <ele>461</ele>
   </trkpt>
   <trkpt lat="27.6995160" lon="75.4713450">
    <ele>457</ele>
   </trkpt>
   <trkpt lat="27.6996870" lon="75.4715300">
    <ele>456</ele>
   </trkpt>
   <trkpt lat="27.6998790" lon="75.4716370">
    <ele>454</ele>
   </trkpt>
   <trkpt lat="27.7000380" lon="75.4716640">
    <ele>455</ele>
   </trkpt>
   <trkpt lat="27.7002440" lon="75.4716140">
    <ele>456</ele>
   </trkpt>
   <trkpt lat="27.7006200" lon="75.4715329">
    <ele>461</ele>
   </trkpt>
   <trkpt lat="27.7007610" lon="75.4715570">
    <ele>462</ele>
   </trkpt>
   <trkpt lat="27.7008980" lon="75.4716190">
    <ele>462</ele>
   </trkpt>
   <trkpt lat="27.7011910" lon="75.4718490">
    <ele>463</ele>
   </trkpt>
   <trkpt lat="27.7013370" lon="75.4719090">
    <ele>464</ele>
   </trkpt>
   <trkpt lat="27.7016280" lon="75.4719170">
    <ele>462</ele>
   </trkpt>
   <trkpt lat="27.7019030" lon="75.4718670">
    <ele>461</ele>
   </trkpt>
   <trkpt lat="27.7020180" lon="75.4718040">
    <ele>458</ele>
   </trkpt>
   <trkpt lat="27.7023900" lon="75.4715280">
    <ele>455</ele>
   </trkpt>
   <trkpt lat="27.7025240" lon="75.4714650">
    <ele>455</ele>
   </trkpt>
   <trkpt lat="27.7028040" lon="75.4714340">
    <ele>455</ele>
   </trkpt>
   <trkpt lat="27.7035870" lon="75.4714700">
    <ele>455</ele>
   </trkpt>
   <trkpt lat="27.7038460" lon="75.4714730">
    <ele>452</ele>
   </trkpt>
   <trkpt lat="27.7039840" lon="75.4716040">
    <ele>451</ele>
   </trkpt>
   <trkpt lat="27.7044350" lon="75.4726190">
    <ele>450</ele>
   </trkpt>
   <trkpt lat="27.7045550" lon="75.4727360">
    <ele>450</ele>
   </trkpt>
   <trkpt lat="27.7048130" lon="75.4728850">
    <ele>449</ele>
   </trkpt>
   <trkpt lat="27.7066520" lon="75.4738190">
    <ele>448</ele>
   </trkpt>
   <trkpt lat="27.7078950" lon="75.4743930">
    <ele>449</ele>
   </trkpt>
   <trkpt lat="27.7085490" lon="75.4746840">
    <ele>449</ele>
   </trkpt>
  </trkseg>
 </trk>
</gpx>
